-- Adminer 4.2.1 MySQL dump

SET NAMES utf8;
SET time_zone = '+00:00';
SET foreign_key_checks = 0;
SET sql_mode = 'NO_AUTO_VALUE_ON_ZERO';

DROP TABLE IF EXISTS `tbl_coupon`;
CREATE TABLE `tbl_coupon` (
  `id` int(11) NOT NULL AUTO_INCREMENT,
  `name` varchar(50) COLLATE utf8_bin NOT NULL,
  `code` varchar(13) COLLATE utf8_bin NOT NULL,
  `start_date` datetime NOT NULL,
  `expired_date` datetime NOT NULL,
  `coupon_type_id` int(11) NOT NULL,
  `status` tinyint(1) NOT NULL,
  `updated_at` datetime NOT NULL,
  `created_at` datetime NOT NULL,
  PRIMARY KEY (`id`)
) ENGINE=InnoDB DEFAULT CHARSET=utf8 COLLATE=utf8_bin;

INSERT INTO `tbl_coupon` (`id`, `name`, `code`, `start_date`, `expired_date`, `coupon_type_id`, `status`, `updated_at`, `created_at`) VALUES
(1,	'Coupon 5',	'1',	'2015-05-05 00:00:00',	'2015-05-30 00:00:00',	1,	1,	'2015-05-06 02:49:48',	'0000-00-00 00:00:00'),
(2,	'Coupon 1',	'2',	'2015-04-30 00:00:00',	'2015-05-31 00:00:00',	2,	1,	'2015-05-06 02:51:00',	'0000-00-00 00:00:00'),
(3,	'Coupon 4',	'3',	'2015-04-30 00:00:00',	'2015-05-29 00:00:00',	3,	1,	'2015-05-06 02:48:10',	'0000-00-00 00:00:00'),
(4,	'Coupon 1',	'4',	'2015-04-30 00:00:00',	'2015-05-31 00:00:00',	2,	0,	'0000-00-00 00:00:00',	'0000-00-00 00:00:00'),
(5,	'Coupon 2',	'5',	'2015-04-30 00:00:00',	'2015-05-01 00:00:00',	0,	0,	'0000-00-00 00:00:00',	'0000-00-00 00:00:00');

DROP TABLE IF EXISTS `tbl_coupon_type`;
CREATE TABLE `tbl_coupon_type` (
  `id` int(11) NOT NULL AUTO_INCREMENT,
  `name` varchar(50) COLLATE utf8_bin NOT NULL,
  `discount` float NOT NULL,
  `updated_at` datetime NOT NULL,
  `created_at` datetime NOT NULL,
  PRIMARY KEY (`id`)
) ENGINE=InnoDB DEFAULT CHARSET=utf8 COLLATE=utf8_bin;

INSERT INTO `tbl_coupon_type` (`id`, `name`, `discount`, `updated_at`, `created_at`) VALUES
(1,	'Ruby',	10,	'0000-00-00 00:00:00',	'0000-00-00 00:00:00'),
(2,	'Diamond',	20,	'0000-00-00 00:00:00',	'0000-00-00 00:00:00'),
(3,	'Emerald',	30,	'0000-00-00 00:00:00',	'0000-00-00 00:00:00'),
(4,	'Sapphire',	40,	'0000-00-00 00:00:00',	'0000-00-00 00:00:00');

DROP TABLE IF EXISTS `tbl_order`;
CREATE TABLE `tbl_order` (
  `id` int(11) NOT NULL AUTO_INCREMENT,
  `coupon_id` int(11) DEFAULT NULL,
  `user_id` int(11) NOT NULL,
  `discount` float NOT NULL,
  `address_info` text COLLATE utf8_bin NOT NULL,
  `total_payment` double(12,0) NOT NULL,
  `creation_date` timestamp NOT NULL DEFAULT CURRENT_TIMESTAMP ON UPDATE CURRENT_TIMESTAMP,
  `updated_at` datetime NOT NULL,
  `created_at` datetime NOT NULL,
  PRIMARY KEY (`id`)
) ENGINE=InnoDB DEFAULT CHARSET=utf8 COLLATE=utf8_bin;

INSERT INTO `tbl_order` (`id`, `coupon_id`, `user_id`, `discount`, `address_info`, `total_payment`, `creation_date`, `updated_at`, `created_at`) VALUES
(1,	1,	1,	10,	'789 ung van khiem',	35550000,	'0000-00-00 00:00:00',	'0000-00-00 00:00:00',	'0000-00-00 00:00:00'),
(2,	3,	1,	25.5,	'c2RmIHNkIGYgc2RmcyBmIHNmIHM=',	119945,	'2015-05-06 01:12:12',	'2015-05-06 01:12:12',	'2015-05-06 01:12:12'),
(3,	NULL,	2,	0,	'c2RmZHMgZmRzIGZkcyBm',	76000,	'2015-05-06 01:30:06',	'2015-05-06 01:30:06',	'2015-05-06 01:30:06'),
(4,	NULL,	2,	0,	'c2FkZmFzZGZhc2Zhc2Zhc2YgZHNhZiBhcyBmYXMgZmFzIGFzIGZhc2ZhcyBmYXNm',	1188000,	'2015-05-06 01:33:01',	'2015-05-06 01:33:01',	'2015-05-06 01:33:01'),
(5,	3,	2,	25.5,	'c2RmIGFkZiBhc2ZhZHNmYSBzZGYgYXMgZmFzZmFkcyBmYXNm',	12665,	'2015-05-06 01:49:47',	'2015-05-06 01:49:47',	'2015-05-06 01:49:47'),
(6,	NULL,	2,	0,	'D\0',	51000,	'2015-05-06 02:36:11',	'2015-05-06 02:36:11',	'2015-05-06 02:36:11'),
(7,	NULL,	2,	0,	'o',	68000,	'2015-05-06 02:37:51',	'2015-05-06 02:37:51',	'2015-05-06 02:37:51'),
(8,	NULL,	2,	0,	'dk',	51000,	'2015-05-06 02:46:15',	'2015-05-06 02:46:15',	'2015-05-06 02:46:15'),
(9,	3,	2,	30,	'D',	70000,	'2015-05-06 02:48:10',	'2015-05-06 02:48:10',	'2015-05-06 02:48:10'),
(10,	1,	2,	10,	'',	90000,	'2015-05-06 02:49:48',	'2015-05-06 02:49:48',	'2015-05-06 02:49:48'),
(11,	2,	2,	20,	'\"',	80000,	'2015-05-06 02:51:00',	'2015-05-06 02:51:00',	'2015-05-06 02:51:00');

DROP TABLE IF EXISTS `tbl_orderdetail`;
CREATE TABLE `tbl_orderdetail` (
  `id` int(11) NOT NULL AUTO_INCREMENT,
  `quantity` int(11) NOT NULL,
  `order_id` int(11) NOT NULL,
  `product_id` int(11) NOT NULL,
  `creation_date` timestamp NOT NULL DEFAULT CURRENT_TIMESTAMP,
  `updated_at` datetime NOT NULL,
  `created_at` datetime NOT NULL,
  PRIMARY KEY (`id`)
) ENGINE=InnoDB DEFAULT CHARSET=utf8 COLLATE=utf8_bin;

INSERT INTO `tbl_orderdetail` (`id`, `quantity`, `order_id`, `product_id`, `creation_date`, `updated_at`, `created_at`) VALUES
(2,	1,	1,	1,	'2015-04-21 04:02:51',	'0000-00-00 00:00:00',	'0000-00-00 00:00:00'),
(3,	1,	1,	2,	'2015-04-21 04:02:51',	'0000-00-00 00:00:00',	'0000-00-00 00:00:00'),
(4,	5,	2,	606,	'2015-05-06 01:12:12',	'2015-05-06 01:12:12',	'2015-05-06 01:12:12'),
(5,	4,	2,	605,	'2015-05-06 01:12:12',	'2015-05-06 01:12:12',	'2015-05-06 01:12:12'),
(6,	4,	3,	605,	'2015-05-06 01:30:06',	'2015-05-06 01:30:06',	'2015-05-06 01:30:06'),
(7,	33,	4,	606,	'2015-05-06 01:33:01',	'2015-05-06 01:33:01',	'2015-05-06 01:33:01'),
(8,	33,	4,	605,	'2015-05-06 01:33:01',	'2015-05-06 01:33:01',	'2015-05-06 01:33:01'),
(9,	1,	5,	606,	'2015-05-06 01:49:47',	'2015-05-06 01:49:47',	'2015-05-06 01:49:47'),
(10,	3,	6,	606,	'2015-05-06 02:36:11',	'2015-05-06 02:36:11',	'2015-05-06 02:36:11'),
(11,	4,	7,	606,	'2015-05-06 02:37:51',	'2015-05-06 02:37:51',	'2015-05-06 02:37:51'),
(12,	3,	8,	606,	'2015-05-06 02:46:15',	'2015-05-06 02:46:15',	'2015-05-06 02:46:15'),
(13,	5,	9,	602,	'2015-05-06 02:48:10',	'2015-05-06 02:48:10',	'2015-05-06 02:48:10'),
(14,	5,	10,	602,	'2015-05-06 02:49:48',	'2015-05-06 02:49:48',	'2015-05-06 02:49:48'),
(15,	5,	11,	602,	'2015-05-06 02:51:00',	'2015-05-06 02:51:00',	'2015-05-06 02:51:00');

DROP TABLE IF EXISTS `tbl_product`;
CREATE TABLE `tbl_product` (
  `id` int(11) NOT NULL AUTO_INCREMENT,
  `name` varchar(100) COLLATE utf8_bin NOT NULL,
  `code` varchar(13) COLLATE utf8_bin NOT NULL,
  `stock_quantity` int(11) NOT NULL,
  `sale_price` double(10,0) NOT NULL,
  `last_update` timestamp NOT NULL DEFAULT CURRENT_TIMESTAMP ON UPDATE CURRENT_TIMESTAMP,
  `updated_at` datetime NOT NULL,
  `created_at` datetime NOT NULL,
  PRIMARY KEY (`id`)
) ENGINE=InnoDB DEFAULT CHARSET=utf8 COLLATE=utf8_bin;

INSERT INTO `tbl_product` (`id`, `name`, `code`, `stock_quantity`, `sale_price`, `last_update`, `updated_at`, `created_at`) VALUES
(1,	'Iphone 6 Plus 16GB',	'IP00000000016',	40,	16500000,	'2015-04-21 02:44:02',	'0000-00-00 00:00:00',	'0000-00-00 00:00:00'),
(2,	'Iphone 6 Plus 64GB',	'IP00000000064',	100,	23000000,	'2015-04-21 02:45:15',	'0000-00-00 00:00:00',	'0000-00-00 00:00:00'),
(3,	'Iphone 6 Plus 128GB',	'IP00000000128',	30,	26000000,	'2015-04-21 02:45:15',	'0000-00-00 00:00:00',	'0000-00-00 00:00:00'),
(4,	'Iphone 6 Plus Gold 16GB',	'IPG0000000016',	34,	20000000,	'2015-04-21 02:46:42',	'0000-00-00 00:00:00',	'0000-00-00 00:00:00'),
(5,	'Iphone 6 Plus Gold 64GB',	'IPG0000000064',	65,	24000000,	'2015-04-21 02:46:42',	'0000-00-00 00:00:00',	'0000-00-00 00:00:00'),
(6,	'Iphone 6 Plus Gold 128GB',	'IPG0000000128',	65,	27000000,	'2015-04-21 02:47:24',	'0000-00-00 00:00:00',	'0000-00-00 00:00:00'),
(7,	'TestProduct0',	'p0',	51,	7000,	'2015-05-05 15:04:20',	'2015-05-05 15:04:20',	'2015-05-05 15:04:20'),
(8,	'TestProduct1',	'p1',	22,	2000,	'2015-05-05 15:04:20',	'2015-05-05 15:04:20',	'2015-05-05 15:04:20'),
(9,	'TestProduct2',	'p2',	25,	12000,	'2015-05-05 15:04:20',	'2015-05-05 15:04:20',	'2015-05-05 15:04:20'),
(10,	'TestProduct3',	'p3',	13,	1000,	'2015-05-05 15:04:20',	'2015-05-05 15:04:20',	'2015-05-05 15:04:20'),
(11,	'TestProduct4',	'p4',	74,	19000,	'2015-05-05 15:04:20',	'2015-05-05 15:04:20',	'2015-05-05 15:04:20'),
(12,	'TestProduct5',	'p5',	86,	6000,	'2015-05-05 15:04:21',	'2015-05-05 15:04:21',	'2015-05-05 15:04:21'),
(13,	'TestProduct6',	'p6',	56,	1000,	'2015-05-05 15:04:21',	'2015-05-05 15:04:21',	'2015-05-05 15:04:21'),
(14,	'TestProduct7',	'p7',	30,	7000,	'2015-05-05 15:04:21',	'2015-05-05 15:04:21',	'2015-05-05 15:04:21'),
(15,	'TestProduct8',	'p8',	49,	4000,	'2015-05-05 15:04:21',	'2015-05-05 15:04:21',	'2015-05-05 15:04:21'),
(16,	'TestProduct9',	'p9',	7,	5000,	'2015-05-05 15:04:21',	'2015-05-05 15:04:21',	'2015-05-05 15:04:21'),
(17,	'TestProduct10',	'p10',	64,	20000,	'2015-05-05 15:04:21',	'2015-05-05 15:04:21',	'2015-05-05 15:04:21'),
(18,	'TestProduct11',	'p11',	100,	20000,	'2015-05-05 15:04:21',	'2015-05-05 15:04:21',	'2015-05-05 15:04:21'),
(19,	'TestProduct12',	'p12',	87,	12000,	'2015-05-05 15:04:21',	'2015-05-05 15:04:21',	'2015-05-05 15:04:21'),
(20,	'TestProduct13',	'p13',	95,	3000,	'2015-05-05 15:04:21',	'2015-05-05 15:04:21',	'2015-05-05 15:04:21'),
(21,	'TestProduct14',	'p14',	35,	14000,	'2015-05-05 15:04:21',	'2015-05-05 15:04:21',	'2015-05-05 15:04:21'),
(22,	'TestProduct15',	'p15',	66,	18000,	'2015-05-05 15:04:21',	'2015-05-05 15:04:21',	'2015-05-05 15:04:21'),
(23,	'TestProduct16',	'p16',	2,	18000,	'2015-05-05 15:04:21',	'2015-05-05 15:04:21',	'2015-05-05 15:04:21'),
(24,	'TestProduct17',	'p17',	93,	6000,	'2015-05-05 15:04:21',	'2015-05-05 15:04:21',	'2015-05-05 15:04:21'),
(25,	'TestProduct18',	'p18',	45,	1000,	'2015-05-05 15:04:21',	'2015-05-05 15:04:21',	'2015-05-05 15:04:21'),
(26,	'TestProduct19',	'p19',	30,	4000,	'2015-05-05 15:04:21',	'2015-05-05 15:04:21',	'2015-05-05 15:04:21'),
(27,	'TestProduct20',	'p20',	97,	4000,	'2015-05-05 15:04:21',	'2015-05-05 15:04:21',	'2015-05-05 15:04:21'),
(28,	'TestProduct21',	'p21',	48,	11000,	'2015-05-05 15:04:21',	'2015-05-05 15:04:21',	'2015-05-05 15:04:21'),
(29,	'TestProduct22',	'p22',	21,	16000,	'2015-05-05 15:04:21',	'2015-05-05 15:04:21',	'2015-05-05 15:04:21'),
(30,	'TestProduct23',	'p23',	83,	14000,	'2015-05-05 15:04:21',	'2015-05-05 15:04:21',	'2015-05-05 15:04:21'),
(31,	'TestProduct24',	'p24',	95,	18000,	'2015-05-05 15:04:21',	'2015-05-05 15:04:21',	'2015-05-05 15:04:21'),
(32,	'TestProduct25',	'p25',	90,	12000,	'2015-05-05 15:04:21',	'2015-05-05 15:04:21',	'2015-05-05 15:04:21'),
(33,	'TestProduct26',	'p26',	89,	18000,	'2015-05-05 15:04:21',	'2015-05-05 15:04:21',	'2015-05-05 15:04:21'),
(34,	'TestProduct27',	'p27',	56,	15000,	'2015-05-05 15:04:21',	'2015-05-05 15:04:21',	'2015-05-05 15:04:21'),
(35,	'TestProduct28',	'p28',	47,	11000,	'2015-05-05 15:04:21',	'2015-05-05 15:04:21',	'2015-05-05 15:04:21'),
(36,	'TestProduct29',	'p29',	86,	17000,	'2015-05-05 15:04:21',	'2015-05-05 15:04:21',	'2015-05-05 15:04:21'),
(37,	'TestProduct30',	'p30',	18,	11000,	'2015-05-05 15:04:21',	'2015-05-05 15:04:21',	'2015-05-05 15:04:21'),
(38,	'TestProduct31',	'p31',	67,	4000,	'2015-05-05 15:04:22',	'2015-05-05 15:04:22',	'2015-05-05 15:04:22'),
(39,	'TestProduct32',	'p32',	38,	12000,	'2015-05-05 15:04:22',	'2015-05-05 15:04:22',	'2015-05-05 15:04:22'),
(40,	'TestProduct33',	'p33',	46,	17000,	'2015-05-05 15:04:22',	'2015-05-05 15:04:22',	'2015-05-05 15:04:22'),
(41,	'TestProduct34',	'p34',	64,	15000,	'2015-05-05 15:04:22',	'2015-05-05 15:04:22',	'2015-05-05 15:04:22'),
(42,	'TestProduct35',	'p35',	2,	12000,	'2015-05-05 15:04:22',	'2015-05-05 15:04:22',	'2015-05-05 15:04:22'),
(43,	'TestProduct36',	'p36',	91,	10000,	'2015-05-05 15:04:22',	'2015-05-05 15:04:22',	'2015-05-05 15:04:22'),
(44,	'TestProduct37',	'p37',	12,	3000,	'2015-05-05 15:04:22',	'2015-05-05 15:04:22',	'2015-05-05 15:04:22'),
(45,	'TestProduct38',	'p38',	27,	19000,	'2015-05-05 15:04:22',	'2015-05-05 15:04:22',	'2015-05-05 15:04:22'),
(46,	'TestProduct39',	'p39',	79,	5000,	'2015-05-05 15:04:22',	'2015-05-05 15:04:22',	'2015-05-05 15:04:22'),
(47,	'TestProduct40',	'p40',	83,	14000,	'2015-05-05 15:04:22',	'2015-05-05 15:04:22',	'2015-05-05 15:04:22'),
(48,	'TestProduct41',	'p41',	80,	15000,	'2015-05-05 15:04:22',	'2015-05-05 15:04:22',	'2015-05-05 15:04:22'),
(49,	'TestProduct42',	'p42',	58,	8000,	'2015-05-05 15:04:22',	'2015-05-05 15:04:22',	'2015-05-05 15:04:22'),
(50,	'TestProduct43',	'p43',	46,	1000,	'2015-05-05 15:04:22',	'2015-05-05 15:04:22',	'2015-05-05 15:04:22'),
(51,	'TestProduct44',	'p44',	86,	7000,	'2015-05-05 15:04:22',	'2015-05-05 15:04:22',	'2015-05-05 15:04:22'),
(52,	'TestProduct45',	'p45',	85,	1000,	'2015-05-05 15:04:22',	'2015-05-05 15:04:22',	'2015-05-05 15:04:22'),
(53,	'TestProduct46',	'p46',	81,	11000,	'2015-05-05 15:04:22',	'2015-05-05 15:04:22',	'2015-05-05 15:04:22'),
(54,	'TestProduct47',	'p47',	22,	4000,	'2015-05-05 15:04:22',	'2015-05-05 15:04:22',	'2015-05-05 15:04:22'),
(55,	'TestProduct48',	'p48',	10,	14000,	'2015-05-05 15:04:22',	'2015-05-05 15:04:22',	'2015-05-05 15:04:22'),
(56,	'TestProduct49',	'p49',	1,	15000,	'2015-05-05 15:04:22',	'2015-05-05 15:04:22',	'2015-05-05 15:04:22'),
(57,	'TestProduct50',	'p50',	42,	1000,	'2015-05-05 15:04:22',	'2015-05-05 15:04:22',	'2015-05-05 15:04:22'),
(58,	'TestProduct51',	'p51',	33,	7000,	'2015-05-05 15:04:23',	'2015-05-05 15:04:23',	'2015-05-05 15:04:23'),
(59,	'TestProduct52',	'p52',	51,	9000,	'2015-05-05 15:04:23',	'2015-05-05 15:04:23',	'2015-05-05 15:04:23'),
(60,	'TestProduct53',	'p53',	43,	16000,	'2015-05-05 15:04:23',	'2015-05-05 15:04:23',	'2015-05-05 15:04:23'),
(61,	'TestProduct54',	'p54',	39,	5000,	'2015-05-05 15:04:23',	'2015-05-05 15:04:23',	'2015-05-05 15:04:23'),
(62,	'TestProduct55',	'p55',	99,	5000,	'2015-05-05 15:04:23',	'2015-05-05 15:04:23',	'2015-05-05 15:04:23'),
(63,	'TestProduct56',	'p56',	90,	16000,	'2015-05-05 15:04:23',	'2015-05-05 15:04:23',	'2015-05-05 15:04:23'),
(64,	'TestProduct57',	'p57',	92,	10000,	'2015-05-05 15:04:23',	'2015-05-05 15:04:23',	'2015-05-05 15:04:23'),
(65,	'TestProduct58',	'p58',	14,	8000,	'2015-05-05 15:04:23',	'2015-05-05 15:04:23',	'2015-05-05 15:04:23'),
(66,	'TestProduct59',	'p59',	50,	20000,	'2015-05-05 15:04:23',	'2015-05-05 15:04:23',	'2015-05-05 15:04:23'),
(67,	'TestProduct60',	'p60',	67,	7000,	'2015-05-05 15:04:23',	'2015-05-05 15:04:23',	'2015-05-05 15:04:23'),
(68,	'TestProduct61',	'p61',	3,	10000,	'2015-05-05 15:04:23',	'2015-05-05 15:04:23',	'2015-05-05 15:04:23'),
(69,	'TestProduct62',	'p62',	86,	5000,	'2015-05-05 15:04:24',	'2015-05-05 15:04:24',	'2015-05-05 15:04:24'),
(70,	'TestProduct63',	'p63',	66,	19000,	'2015-05-05 15:04:24',	'2015-05-05 15:04:24',	'2015-05-05 15:04:24'),
(71,	'TestProduct64',	'p64',	92,	14000,	'2015-05-05 15:04:24',	'2015-05-05 15:04:24',	'2015-05-05 15:04:24'),
(72,	'TestProduct65',	'p65',	68,	7000,	'2015-05-05 15:04:24',	'2015-05-05 15:04:24',	'2015-05-05 15:04:24'),
(73,	'TestProduct66',	'p66',	69,	1000,	'2015-05-05 15:04:24',	'2015-05-05 15:04:24',	'2015-05-05 15:04:24'),
(74,	'TestProduct67',	'p67',	65,	4000,	'2015-05-05 15:04:24',	'2015-05-05 15:04:24',	'2015-05-05 15:04:24'),
(75,	'TestProduct68',	'p68',	45,	2000,	'2015-05-05 15:04:24',	'2015-05-05 15:04:24',	'2015-05-05 15:04:24'),
(76,	'TestProduct69',	'p69',	98,	17000,	'2015-05-05 15:04:24',	'2015-05-05 15:04:24',	'2015-05-05 15:04:24'),
(77,	'TestProduct70',	'p70',	28,	20000,	'2015-05-05 15:04:24',	'2015-05-05 15:04:24',	'2015-05-05 15:04:24'),
(78,	'TestProduct71',	'p71',	5,	4000,	'2015-05-05 15:04:24',	'2015-05-05 15:04:24',	'2015-05-05 15:04:24'),
(79,	'TestProduct72',	'p72',	75,	20000,	'2015-05-05 15:04:24',	'2015-05-05 15:04:24',	'2015-05-05 15:04:24'),
(80,	'TestProduct73',	'p73',	64,	18000,	'2015-05-05 15:04:24',	'2015-05-05 15:04:24',	'2015-05-05 15:04:24'),
(81,	'TestProduct74',	'p74',	32,	3000,	'2015-05-05 15:04:24',	'2015-05-05 15:04:24',	'2015-05-05 15:04:24'),
(82,	'TestProduct75',	'p75',	89,	20000,	'2015-05-05 15:04:24',	'2015-05-05 15:04:24',	'2015-05-05 15:04:24'),
(83,	'TestProduct76',	'p76',	48,	19000,	'2015-05-05 15:04:24',	'2015-05-05 15:04:24',	'2015-05-05 15:04:24'),
(84,	'TestProduct77',	'p77',	47,	7000,	'2015-05-05 15:04:24',	'2015-05-05 15:04:24',	'2015-05-05 15:04:24'),
(85,	'TestProduct78',	'p78',	16,	3000,	'2015-05-05 15:04:24',	'2015-05-05 15:04:24',	'2015-05-05 15:04:24'),
(86,	'TestProduct79',	'p79',	27,	2000,	'2015-05-05 15:04:24',	'2015-05-05 15:04:24',	'2015-05-05 15:04:24'),
(87,	'TestProduct80',	'p80',	79,	19000,	'2015-05-05 15:04:24',	'2015-05-05 15:04:24',	'2015-05-05 15:04:24'),
(88,	'TestProduct81',	'p81',	39,	10000,	'2015-05-05 15:04:24',	'2015-05-05 15:04:24',	'2015-05-05 15:04:24'),
(89,	'TestProduct82',	'p82',	95,	1000,	'2015-05-05 15:04:24',	'2015-05-05 15:04:24',	'2015-05-05 15:04:24'),
(90,	'TestProduct83',	'p83',	67,	8000,	'2015-05-05 15:04:25',	'2015-05-05 15:04:25',	'2015-05-05 15:04:25'),
(91,	'TestProduct84',	'p84',	10,	13000,	'2015-05-05 15:04:25',	'2015-05-05 15:04:25',	'2015-05-05 15:04:25'),
(92,	'TestProduct85',	'p85',	23,	8000,	'2015-05-05 15:04:25',	'2015-05-05 15:04:25',	'2015-05-05 15:04:25'),
(93,	'TestProduct86',	'p86',	60,	6000,	'2015-05-05 15:04:25',	'2015-05-05 15:04:25',	'2015-05-05 15:04:25'),
(94,	'TestProduct87',	'p87',	55,	7000,	'2015-05-05 15:04:25',	'2015-05-05 15:04:25',	'2015-05-05 15:04:25'),
(95,	'TestProduct88',	'p88',	23,	4000,	'2015-05-05 15:04:25',	'2015-05-05 15:04:25',	'2015-05-05 15:04:25'),
(96,	'TestProduct89',	'p89',	24,	11000,	'2015-05-05 15:04:25',	'2015-05-05 15:04:25',	'2015-05-05 15:04:25'),
(97,	'TestProduct90',	'p90',	31,	3000,	'2015-05-05 15:04:25',	'2015-05-05 15:04:25',	'2015-05-05 15:04:25'),
(98,	'TestProduct91',	'p91',	53,	16000,	'2015-05-05 15:04:25',	'2015-05-05 15:04:25',	'2015-05-05 15:04:25'),
(99,	'TestProduct92',	'p92',	3,	20000,	'2015-05-05 15:04:25',	'2015-05-05 15:04:25',	'2015-05-05 15:04:25'),
(100,	'TestProduct93',	'p93',	11,	4000,	'2015-05-05 15:04:25',	'2015-05-05 15:04:25',	'2015-05-05 15:04:25'),
(101,	'TestProduct94',	'p94',	11,	8000,	'2015-05-05 15:04:25',	'2015-05-05 15:04:25',	'2015-05-05 15:04:25'),
(102,	'TestProduct95',	'p95',	24,	18000,	'2015-05-05 15:04:25',	'2015-05-05 15:04:25',	'2015-05-05 15:04:25'),
(103,	'TestProduct96',	'p96',	32,	13000,	'2015-05-05 15:04:25',	'2015-05-05 15:04:25',	'2015-05-05 15:04:25'),
(104,	'TestProduct97',	'p97',	37,	6000,	'2015-05-05 15:04:25',	'2015-05-05 15:04:25',	'2015-05-05 15:04:25'),
(105,	'TestProduct98',	'p98',	66,	1000,	'2015-05-05 15:04:25',	'2015-05-05 15:04:25',	'2015-05-05 15:04:25'),
(106,	'TestProduct99',	'p99',	66,	16000,	'2015-05-05 15:04:25',	'2015-05-05 15:04:25',	'2015-05-05 15:04:25'),
(107,	'TestProduct100',	'p100',	68,	18000,	'2015-05-05 15:04:25',	'2015-05-05 15:04:25',	'2015-05-05 15:04:25'),
(108,	'TestProduct101',	'p101',	14,	6000,	'2015-05-05 15:04:25',	'2015-05-05 15:04:25',	'2015-05-05 15:04:25'),
(109,	'TestProduct102',	'p102',	16,	14000,	'2015-05-05 15:04:25',	'2015-05-05 15:04:25',	'2015-05-05 15:04:25'),
(110,	'TestProduct103',	'p103',	62,	8000,	'2015-05-05 15:04:25',	'2015-05-05 15:04:25',	'2015-05-05 15:04:25'),
(111,	'TestProduct104',	'p104',	86,	17000,	'2015-05-05 15:04:25',	'2015-05-05 15:04:25',	'2015-05-05 15:04:25'),
(112,	'TestProduct105',	'p105',	92,	4000,	'2015-05-05 15:04:26',	'2015-05-05 15:04:26',	'2015-05-05 15:04:26'),
(113,	'TestProduct106',	'p106',	96,	9000,	'2015-05-05 15:04:26',	'2015-05-05 15:04:26',	'2015-05-05 15:04:26'),
(114,	'TestProduct107',	'p107',	94,	20000,	'2015-05-05 15:04:26',	'2015-05-05 15:04:26',	'2015-05-05 15:04:26'),
(115,	'TestProduct108',	'p108',	43,	1000,	'2015-05-05 15:04:26',	'2015-05-05 15:04:26',	'2015-05-05 15:04:26'),
(116,	'TestProduct109',	'p109',	16,	11000,	'2015-05-05 15:04:26',	'2015-05-05 15:04:26',	'2015-05-05 15:04:26'),
(117,	'TestProduct110',	'p110',	41,	8000,	'2015-05-05 15:04:26',	'2015-05-05 15:04:26',	'2015-05-05 15:04:26'),
(118,	'TestProduct111',	'p111',	44,	15000,	'2015-05-05 15:04:26',	'2015-05-05 15:04:26',	'2015-05-05 15:04:26'),
(119,	'TestProduct112',	'p112',	1,	17000,	'2015-05-05 15:04:26',	'2015-05-05 15:04:26',	'2015-05-05 15:04:26'),
(120,	'TestProduct113',	'p113',	98,	14000,	'2015-05-05 15:04:26',	'2015-05-05 15:04:26',	'2015-05-05 15:04:26'),
(121,	'TestProduct114',	'p114',	84,	13000,	'2015-05-05 15:04:26',	'2015-05-05 15:04:26',	'2015-05-05 15:04:26'),
(122,	'TestProduct115',	'p115',	42,	11000,	'2015-05-05 15:04:26',	'2015-05-05 15:04:26',	'2015-05-05 15:04:26'),
(123,	'TestProduct116',	'p116',	52,	11000,	'2015-05-05 15:04:26',	'2015-05-05 15:04:26',	'2015-05-05 15:04:26'),
(124,	'TestProduct117',	'p117',	79,	14000,	'2015-05-05 15:04:26',	'2015-05-05 15:04:26',	'2015-05-05 15:04:26'),
(125,	'TestProduct118',	'p118',	23,	9000,	'2015-05-05 15:04:26',	'2015-05-05 15:04:26',	'2015-05-05 15:04:26'),
(126,	'TestProduct119',	'p119',	4,	2000,	'2015-05-05 15:04:26',	'2015-05-05 15:04:26',	'2015-05-05 15:04:26'),
(127,	'TestProduct120',	'p120',	25,	19000,	'2015-05-05 15:04:26',	'2015-05-05 15:04:26',	'2015-05-05 15:04:26'),
(128,	'TestProduct121',	'p121',	24,	5000,	'2015-05-05 15:04:26',	'2015-05-05 15:04:26',	'2015-05-05 15:04:26'),
(129,	'TestProduct122',	'p122',	39,	4000,	'2015-05-05 15:04:26',	'2015-05-05 15:04:26',	'2015-05-05 15:04:26'),
(130,	'TestProduct123',	'p123',	19,	17000,	'2015-05-05 15:04:26',	'2015-05-05 15:04:26',	'2015-05-05 15:04:26'),
(131,	'TestProduct124',	'p124',	21,	7000,	'2015-05-05 15:04:26',	'2015-05-05 15:04:26',	'2015-05-05 15:04:26'),
(132,	'TestProduct125',	'p125',	36,	13000,	'2015-05-05 15:04:26',	'2015-05-05 15:04:26',	'2015-05-05 15:04:26'),
(133,	'TestProduct126',	'p126',	73,	16000,	'2015-05-05 15:04:26',	'2015-05-05 15:04:26',	'2015-05-05 15:04:26'),
(134,	'TestProduct127',	'p127',	34,	15000,	'2015-05-05 15:04:26',	'2015-05-05 15:04:26',	'2015-05-05 15:04:26'),
(135,	'TestProduct128',	'p128',	59,	7000,	'2015-05-05 15:04:26',	'2015-05-05 15:04:26',	'2015-05-05 15:04:26'),
(136,	'TestProduct129',	'p129',	40,	9000,	'2015-05-05 15:04:27',	'2015-05-05 15:04:27',	'2015-05-05 15:04:27'),
(137,	'TestProduct130',	'p130',	95,	17000,	'2015-05-05 15:04:27',	'2015-05-05 15:04:27',	'2015-05-05 15:04:27'),
(138,	'TestProduct131',	'p131',	94,	10000,	'2015-05-05 15:04:27',	'2015-05-05 15:04:27',	'2015-05-05 15:04:27'),
(139,	'TestProduct132',	'p132',	37,	15000,	'2015-05-05 15:04:27',	'2015-05-05 15:04:27',	'2015-05-05 15:04:27'),
(140,	'TestProduct133',	'p133',	13,	12000,	'2015-05-05 15:04:27',	'2015-05-05 15:04:27',	'2015-05-05 15:04:27'),
(141,	'TestProduct134',	'p134',	13,	4000,	'2015-05-05 15:04:27',	'2015-05-05 15:04:27',	'2015-05-05 15:04:27'),
(142,	'TestProduct135',	'p135',	67,	8000,	'2015-05-05 15:04:27',	'2015-05-05 15:04:27',	'2015-05-05 15:04:27'),
(143,	'TestProduct136',	'p136',	11,	19000,	'2015-05-05 15:04:27',	'2015-05-05 15:04:27',	'2015-05-05 15:04:27'),
(144,	'TestProduct137',	'p137',	58,	10000,	'2015-05-05 15:04:27',	'2015-05-05 15:04:27',	'2015-05-05 15:04:27'),
(145,	'TestProduct138',	'p138',	8,	16000,	'2015-05-05 15:04:27',	'2015-05-05 15:04:27',	'2015-05-05 15:04:27'),
(146,	'TestProduct139',	'p139',	32,	6000,	'2015-05-05 15:04:27',	'2015-05-05 15:04:27',	'2015-05-05 15:04:27'),
(147,	'TestProduct140',	'p140',	11,	14000,	'2015-05-05 15:04:27',	'2015-05-05 15:04:27',	'2015-05-05 15:04:27'),
(148,	'TestProduct141',	'p141',	91,	17000,	'2015-05-05 15:04:27',	'2015-05-05 15:04:27',	'2015-05-05 15:04:27'),
(149,	'TestProduct142',	'p142',	46,	5000,	'2015-05-05 15:04:27',	'2015-05-05 15:04:27',	'2015-05-05 15:04:27'),
(150,	'TestProduct143',	'p143',	56,	1000,	'2015-05-05 15:04:27',	'2015-05-05 15:04:27',	'2015-05-05 15:04:27'),
(151,	'TestProduct144',	'p144',	55,	20000,	'2015-05-05 15:04:27',	'2015-05-05 15:04:27',	'2015-05-05 15:04:27'),
(152,	'TestProduct145',	'p145',	47,	10000,	'2015-05-05 15:04:27',	'2015-05-05 15:04:27',	'2015-05-05 15:04:27'),
(153,	'TestProduct146',	'p146',	77,	9000,	'2015-05-05 15:04:27',	'2015-05-05 15:04:27',	'2015-05-05 15:04:27'),
(154,	'TestProduct147',	'p147',	95,	3000,	'2015-05-05 15:04:27',	'2015-05-05 15:04:27',	'2015-05-05 15:04:27'),
(155,	'TestProduct148',	'p148',	13,	2000,	'2015-05-05 15:04:27',	'2015-05-05 15:04:27',	'2015-05-05 15:04:27'),
(156,	'TestProduct149',	'p149',	73,	5000,	'2015-05-05 15:04:27',	'2015-05-05 15:04:27',	'2015-05-05 15:04:27'),
(157,	'TestProduct150',	'p150',	23,	8000,	'2015-05-05 15:04:27',	'2015-05-05 15:04:27',	'2015-05-05 15:04:27'),
(158,	'TestProduct151',	'p151',	62,	7000,	'2015-05-05 15:04:28',	'2015-05-05 15:04:28',	'2015-05-05 15:04:28'),
(159,	'TestProduct152',	'p152',	30,	4000,	'2015-05-05 15:04:28',	'2015-05-05 15:04:28',	'2015-05-05 15:04:28'),
(160,	'TestProduct153',	'p153',	84,	8000,	'2015-05-05 15:04:28',	'2015-05-05 15:04:28',	'2015-05-05 15:04:28'),
(161,	'TestProduct154',	'p154',	96,	3000,	'2015-05-05 15:04:28',	'2015-05-05 15:04:28',	'2015-05-05 15:04:28'),
(162,	'TestProduct155',	'p155',	67,	2000,	'2015-05-05 15:04:28',	'2015-05-05 15:04:28',	'2015-05-05 15:04:28'),
(163,	'TestProduct156',	'p156',	82,	12000,	'2015-05-05 15:04:28',	'2015-05-05 15:04:28',	'2015-05-05 15:04:28'),
(164,	'TestProduct157',	'p157',	89,	6000,	'2015-05-05 15:04:28',	'2015-05-05 15:04:28',	'2015-05-05 15:04:28'),
(165,	'TestProduct158',	'p158',	80,	9000,	'2015-05-05 15:04:28',	'2015-05-05 15:04:28',	'2015-05-05 15:04:28'),
(166,	'TestProduct159',	'p159',	32,	7000,	'2015-05-05 15:04:28',	'2015-05-05 15:04:28',	'2015-05-05 15:04:28'),
(167,	'TestProduct160',	'p160',	41,	16000,	'2015-05-05 15:04:28',	'2015-05-05 15:04:28',	'2015-05-05 15:04:28'),
(168,	'TestProduct161',	'p161',	83,	4000,	'2015-05-05 15:04:28',	'2015-05-05 15:04:28',	'2015-05-05 15:04:28'),
(169,	'TestProduct162',	'p162',	19,	16000,	'2015-05-05 15:04:28',	'2015-05-05 15:04:28',	'2015-05-05 15:04:28'),
(170,	'TestProduct163',	'p163',	31,	7000,	'2015-05-05 15:04:28',	'2015-05-05 15:04:28',	'2015-05-05 15:04:28'),
(171,	'TestProduct164',	'p164',	84,	1000,	'2015-05-05 15:04:28',	'2015-05-05 15:04:28',	'2015-05-05 15:04:28'),
(172,	'TestProduct165',	'p165',	57,	2000,	'2015-05-05 15:04:28',	'2015-05-05 15:04:28',	'2015-05-05 15:04:28'),
(173,	'TestProduct166',	'p166',	43,	4000,	'2015-05-05 15:04:28',	'2015-05-05 15:04:28',	'2015-05-05 15:04:28'),
(174,	'TestProduct167',	'p167',	41,	15000,	'2015-05-05 15:04:28',	'2015-05-05 15:04:28',	'2015-05-05 15:04:28'),
(175,	'TestProduct168',	'p168',	38,	5000,	'2015-05-05 15:04:28',	'2015-05-05 15:04:28',	'2015-05-05 15:04:28'),
(176,	'TestProduct169',	'p169',	10,	7000,	'2015-05-05 15:04:28',	'2015-05-05 15:04:28',	'2015-05-05 15:04:28'),
(177,	'TestProduct170',	'p170',	39,	16000,	'2015-05-05 15:04:28',	'2015-05-05 15:04:28',	'2015-05-05 15:04:28'),
(178,	'TestProduct171',	'p171',	39,	4000,	'2015-05-05 15:04:28',	'2015-05-05 15:04:28',	'2015-05-05 15:04:28'),
(179,	'TestProduct172',	'p172',	32,	6000,	'2015-05-05 15:04:28',	'2015-05-05 15:04:28',	'2015-05-05 15:04:28'),
(180,	'TestProduct173',	'p173',	47,	3000,	'2015-05-05 15:04:28',	'2015-05-05 15:04:28',	'2015-05-05 15:04:28'),
(181,	'TestProduct174',	'p174',	73,	16000,	'2015-05-05 15:04:29',	'2015-05-05 15:04:29',	'2015-05-05 15:04:29'),
(182,	'TestProduct175',	'p175',	46,	3000,	'2015-05-05 15:04:29',	'2015-05-05 15:04:29',	'2015-05-05 15:04:29'),
(183,	'TestProduct176',	'p176',	56,	6000,	'2015-05-05 15:04:29',	'2015-05-05 15:04:29',	'2015-05-05 15:04:29'),
(184,	'TestProduct177',	'p177',	31,	15000,	'2015-05-05 15:04:29',	'2015-05-05 15:04:29',	'2015-05-05 15:04:29'),
(185,	'TestProduct178',	'p178',	6,	13000,	'2015-05-05 15:04:29',	'2015-05-05 15:04:29',	'2015-05-05 15:04:29'),
(186,	'TestProduct179',	'p179',	6,	18000,	'2015-05-05 15:04:29',	'2015-05-05 15:04:29',	'2015-05-05 15:04:29'),
(187,	'TestProduct180',	'p180',	65,	13000,	'2015-05-05 15:04:29',	'2015-05-05 15:04:29',	'2015-05-05 15:04:29'),
(188,	'TestProduct181',	'p181',	96,	2000,	'2015-05-05 15:04:29',	'2015-05-05 15:04:29',	'2015-05-05 15:04:29'),
(189,	'TestProduct182',	'p182',	79,	8000,	'2015-05-05 15:04:29',	'2015-05-05 15:04:29',	'2015-05-05 15:04:29'),
(190,	'TestProduct183',	'p183',	79,	4000,	'2015-05-05 15:04:29',	'2015-05-05 15:04:29',	'2015-05-05 15:04:29'),
(191,	'TestProduct184',	'p184',	60,	18000,	'2015-05-05 15:04:29',	'2015-05-05 15:04:29',	'2015-05-05 15:04:29'),
(192,	'TestProduct185',	'p185',	49,	20000,	'2015-05-05 15:04:29',	'2015-05-05 15:04:29',	'2015-05-05 15:04:29'),
(193,	'TestProduct186',	'p186',	65,	18000,	'2015-05-05 15:04:29',	'2015-05-05 15:04:29',	'2015-05-05 15:04:29'),
(194,	'TestProduct187',	'p187',	18,	20000,	'2015-05-05 15:04:29',	'2015-05-05 15:04:29',	'2015-05-05 15:04:29'),
(195,	'TestProduct188',	'p188',	16,	13000,	'2015-05-05 15:04:29',	'2015-05-05 15:04:29',	'2015-05-05 15:04:29'),
(196,	'TestProduct189',	'p189',	8,	18000,	'2015-05-05 15:04:29',	'2015-05-05 15:04:29',	'2015-05-05 15:04:29'),
(197,	'TestProduct190',	'p190',	42,	11000,	'2015-05-05 15:04:29',	'2015-05-05 15:04:29',	'2015-05-05 15:04:29'),
(198,	'TestProduct191',	'p191',	1,	20000,	'2015-05-05 15:04:29',	'2015-05-05 15:04:29',	'2015-05-05 15:04:29'),
(199,	'TestProduct192',	'p192',	81,	7000,	'2015-05-05 15:04:29',	'2015-05-05 15:04:29',	'2015-05-05 15:04:29'),
(200,	'TestProduct193',	'p193',	71,	18000,	'2015-05-05 15:04:29',	'2015-05-05 15:04:29',	'2015-05-05 15:04:29'),
(201,	'TestProduct194',	'p194',	92,	16000,	'2015-05-05 15:04:29',	'2015-05-05 15:04:29',	'2015-05-05 15:04:29'),
(202,	'TestProduct195',	'p195',	75,	12000,	'2015-05-05 15:04:29',	'2015-05-05 15:04:29',	'2015-05-05 15:04:29'),
(203,	'TestProduct196',	'p196',	38,	15000,	'2015-05-05 15:04:30',	'2015-05-05 15:04:30',	'2015-05-05 15:04:30'),
(204,	'TestProduct197',	'p197',	63,	4000,	'2015-05-05 15:04:30',	'2015-05-05 15:04:30',	'2015-05-05 15:04:30'),
(205,	'TestProduct198',	'p198',	7,	9000,	'2015-05-05 15:04:30',	'2015-05-05 15:04:30',	'2015-05-05 15:04:30'),
(206,	'TestProduct199',	'p199',	32,	14000,	'2015-05-05 15:04:30',	'2015-05-05 15:04:30',	'2015-05-05 15:04:30'),
(207,	'TestProduct0',	'p0',	47,	2000,	'2015-05-05 15:42:57',	'2015-05-05 15:42:57',	'2015-05-05 15:42:57'),
(208,	'TestProduct1',	'p1',	50,	7000,	'2015-05-05 15:42:57',	'2015-05-05 15:42:57',	'2015-05-05 15:42:57'),
(209,	'TestProduct2',	'p2',	88,	7000,	'2015-05-05 15:42:57',	'2015-05-05 15:42:57',	'2015-05-05 15:42:57'),
(210,	'TestProduct3',	'p3',	67,	10000,	'2015-05-05 15:42:57',	'2015-05-05 15:42:57',	'2015-05-05 15:42:57'),
(211,	'TestProduct4',	'p4',	10,	16000,	'2015-05-05 15:42:57',	'2015-05-05 15:42:57',	'2015-05-05 15:42:57'),
(212,	'TestProduct5',	'p5',	78,	15000,	'2015-05-05 15:42:57',	'2015-05-05 15:42:57',	'2015-05-05 15:42:57'),
(213,	'TestProduct6',	'p6',	22,	6000,	'2015-05-05 15:42:57',	'2015-05-05 15:42:57',	'2015-05-05 15:42:57'),
(214,	'TestProduct7',	'p7',	22,	11000,	'2015-05-05 15:42:57',	'2015-05-05 15:42:57',	'2015-05-05 15:42:57'),
(215,	'TestProduct8',	'p8',	17,	9000,	'2015-05-05 15:42:57',	'2015-05-05 15:42:57',	'2015-05-05 15:42:57'),
(216,	'TestProduct9',	'p9',	58,	12000,	'2015-05-05 15:42:57',	'2015-05-05 15:42:57',	'2015-05-05 15:42:57'),
(217,	'TestProduct10',	'p10',	49,	16000,	'2015-05-05 15:42:57',	'2015-05-05 15:42:57',	'2015-05-05 15:42:57'),
(218,	'TestProduct11',	'p11',	79,	17000,	'2015-05-05 15:42:57',	'2015-05-05 15:42:57',	'2015-05-05 15:42:57'),
(219,	'TestProduct12',	'p12',	43,	18000,	'2015-05-05 15:42:57',	'2015-05-05 15:42:57',	'2015-05-05 15:42:57'),
(220,	'TestProduct13',	'p13',	52,	6000,	'2015-05-05 15:42:57',	'2015-05-05 15:42:57',	'2015-05-05 15:42:57'),
(221,	'TestProduct14',	'p14',	12,	7000,	'2015-05-05 15:42:57',	'2015-05-05 15:42:57',	'2015-05-05 15:42:57'),
(222,	'TestProduct15',	'p15',	3,	12000,	'2015-05-05 15:42:58',	'2015-05-05 15:42:58',	'2015-05-05 15:42:58'),
(223,	'TestProduct16',	'p16',	43,	11000,	'2015-05-05 15:42:58',	'2015-05-05 15:42:58',	'2015-05-05 15:42:58'),
(224,	'TestProduct17',	'p17',	92,	6000,	'2015-05-05 15:42:58',	'2015-05-05 15:42:58',	'2015-05-05 15:42:58'),
(225,	'TestProduct18',	'p18',	85,	12000,	'2015-05-05 15:42:58',	'2015-05-05 15:42:58',	'2015-05-05 15:42:58'),
(226,	'TestProduct19',	'p19',	77,	19000,	'2015-05-05 15:42:58',	'2015-05-05 15:42:58',	'2015-05-05 15:42:58'),
(227,	'TestProduct20',	'p20',	33,	11000,	'2015-05-05 15:42:58',	'2015-05-05 15:42:58',	'2015-05-05 15:42:58'),
(228,	'TestProduct21',	'p21',	67,	11000,	'2015-05-05 15:42:58',	'2015-05-05 15:42:58',	'2015-05-05 15:42:58'),
(229,	'TestProduct22',	'p22',	82,	18000,	'2015-05-05 15:42:58',	'2015-05-05 15:42:58',	'2015-05-05 15:42:58'),
(230,	'TestProduct23',	'p23',	5,	20000,	'2015-05-05 15:42:58',	'2015-05-05 15:42:58',	'2015-05-05 15:42:58'),
(231,	'TestProduct24',	'p24',	30,	13000,	'2015-05-05 15:42:58',	'2015-05-05 15:42:58',	'2015-05-05 15:42:58'),
(232,	'TestProduct25',	'p25',	55,	16000,	'2015-05-05 15:42:58',	'2015-05-05 15:42:58',	'2015-05-05 15:42:58'),
(233,	'TestProduct26',	'p26',	38,	7000,	'2015-05-05 15:42:58',	'2015-05-05 15:42:58',	'2015-05-05 15:42:58'),
(234,	'TestProduct27',	'p27',	61,	16000,	'2015-05-05 15:42:58',	'2015-05-05 15:42:58',	'2015-05-05 15:42:58'),
(235,	'TestProduct28',	'p28',	21,	3000,	'2015-05-05 15:42:58',	'2015-05-05 15:42:58',	'2015-05-05 15:42:58'),
(236,	'TestProduct29',	'p29',	6,	7000,	'2015-05-05 15:42:58',	'2015-05-05 15:42:58',	'2015-05-05 15:42:58'),
(237,	'TestProduct30',	'p30',	46,	2000,	'2015-05-05 15:42:58',	'2015-05-05 15:42:58',	'2015-05-05 15:42:58'),
(238,	'TestProduct31',	'p31',	91,	18000,	'2015-05-05 15:42:58',	'2015-05-05 15:42:58',	'2015-05-05 15:42:58'),
(239,	'TestProduct32',	'p32',	60,	17000,	'2015-05-05 15:42:58',	'2015-05-05 15:42:58',	'2015-05-05 15:42:58'),
(240,	'TestProduct33',	'p33',	18,	9000,	'2015-05-05 15:42:58',	'2015-05-05 15:42:58',	'2015-05-05 15:42:58'),
(241,	'TestProduct34',	'p34',	40,	19000,	'2015-05-05 15:42:58',	'2015-05-05 15:42:58',	'2015-05-05 15:42:58'),
(242,	'TestProduct35',	'p35',	39,	15000,	'2015-05-05 15:42:58',	'2015-05-05 15:42:58',	'2015-05-05 15:42:58'),
(243,	'TestProduct36',	'p36',	49,	1000,	'2015-05-05 15:42:58',	'2015-05-05 15:42:58',	'2015-05-05 15:42:58'),
(244,	'TestProduct37',	'p37',	26,	6000,	'2015-05-05 15:42:59',	'2015-05-05 15:42:59',	'2015-05-05 15:42:59'),
(245,	'TestProduct38',	'p38',	93,	7000,	'2015-05-05 15:42:59',	'2015-05-05 15:42:59',	'2015-05-05 15:42:59'),
(246,	'TestProduct39',	'p39',	28,	5000,	'2015-05-05 15:42:59',	'2015-05-05 15:42:59',	'2015-05-05 15:42:59'),
(247,	'TestProduct40',	'p40',	93,	17000,	'2015-05-05 15:42:59',	'2015-05-05 15:42:59',	'2015-05-05 15:42:59'),
(248,	'TestProduct41',	'p41',	1,	6000,	'2015-05-05 15:42:59',	'2015-05-05 15:42:59',	'2015-05-05 15:42:59'),
(249,	'TestProduct42',	'p42',	15,	13000,	'2015-05-05 15:42:59',	'2015-05-05 15:42:59',	'2015-05-05 15:42:59'),
(250,	'TestProduct43',	'p43',	10,	8000,	'2015-05-05 15:42:59',	'2015-05-05 15:42:59',	'2015-05-05 15:42:59'),
(251,	'TestProduct44',	'p44',	72,	3000,	'2015-05-05 15:42:59',	'2015-05-05 15:42:59',	'2015-05-05 15:42:59'),
(252,	'TestProduct45',	'p45',	68,	4000,	'2015-05-05 15:42:59',	'2015-05-05 15:42:59',	'2015-05-05 15:42:59'),
(253,	'TestProduct46',	'p46',	22,	12000,	'2015-05-05 15:42:59',	'2015-05-05 15:42:59',	'2015-05-05 15:42:59'),
(254,	'TestProduct47',	'p47',	5,	17000,	'2015-05-05 15:42:59',	'2015-05-05 15:42:59',	'2015-05-05 15:42:59'),
(255,	'TestProduct48',	'p48',	40,	5000,	'2015-05-05 15:42:59',	'2015-05-05 15:42:59',	'2015-05-05 15:42:59'),
(256,	'TestProduct49',	'p49',	26,	16000,	'2015-05-05 15:42:59',	'2015-05-05 15:42:59',	'2015-05-05 15:42:59'),
(257,	'TestProduct50',	'p50',	18,	13000,	'2015-05-05 15:42:59',	'2015-05-05 15:42:59',	'2015-05-05 15:42:59'),
(258,	'TestProduct51',	'p51',	51,	14000,	'2015-05-05 15:42:59',	'2015-05-05 15:42:59',	'2015-05-05 15:42:59'),
(259,	'TestProduct52',	'p52',	69,	16000,	'2015-05-05 15:42:59',	'2015-05-05 15:42:59',	'2015-05-05 15:42:59'),
(260,	'TestProduct53',	'p53',	96,	13000,	'2015-05-05 15:42:59',	'2015-05-05 15:42:59',	'2015-05-05 15:42:59'),
(261,	'TestProduct54',	'p54',	7,	5000,	'2015-05-05 15:42:59',	'2015-05-05 15:42:59',	'2015-05-05 15:42:59'),
(262,	'TestProduct55',	'p55',	84,	20000,	'2015-05-05 15:42:59',	'2015-05-05 15:42:59',	'2015-05-05 15:42:59'),
(263,	'TestProduct56',	'p56',	6,	17000,	'2015-05-05 15:42:59',	'2015-05-05 15:42:59',	'2015-05-05 15:42:59'),
(264,	'TestProduct57',	'p57',	28,	5000,	'2015-05-05 15:42:59',	'2015-05-05 15:42:59',	'2015-05-05 15:42:59'),
(265,	'TestProduct58',	'p58',	44,	8000,	'2015-05-05 15:42:59',	'2015-05-05 15:42:59',	'2015-05-05 15:42:59'),
(266,	'TestProduct59',	'p59',	56,	4000,	'2015-05-05 15:42:59',	'2015-05-05 15:42:59',	'2015-05-05 15:42:59'),
(267,	'TestProduct60',	'p60',	51,	5000,	'2015-05-05 15:43:00',	'2015-05-05 15:43:00',	'2015-05-05 15:43:00'),
(268,	'TestProduct61',	'p61',	33,	15000,	'2015-05-05 15:43:00',	'2015-05-05 15:43:00',	'2015-05-05 15:43:00'),
(269,	'TestProduct62',	'p62',	81,	8000,	'2015-05-05 15:43:00',	'2015-05-05 15:43:00',	'2015-05-05 15:43:00'),
(270,	'TestProduct63',	'p63',	54,	4000,	'2015-05-05 15:43:00',	'2015-05-05 15:43:00',	'2015-05-05 15:43:00'),
(271,	'TestProduct64',	'p64',	60,	16000,	'2015-05-05 15:43:00',	'2015-05-05 15:43:00',	'2015-05-05 15:43:00'),
(272,	'TestProduct65',	'p65',	98,	16000,	'2015-05-05 15:43:00',	'2015-05-05 15:43:00',	'2015-05-05 15:43:00'),
(273,	'TestProduct66',	'p66',	43,	10000,	'2015-05-05 15:43:00',	'2015-05-05 15:43:00',	'2015-05-05 15:43:00'),
(274,	'TestProduct67',	'p67',	44,	3000,	'2015-05-05 15:43:00',	'2015-05-05 15:43:00',	'2015-05-05 15:43:00'),
(275,	'TestProduct68',	'p68',	24,	8000,	'2015-05-05 15:43:00',	'2015-05-05 15:43:00',	'2015-05-05 15:43:00'),
(276,	'TestProduct69',	'p69',	73,	6000,	'2015-05-05 15:43:00',	'2015-05-05 15:43:00',	'2015-05-05 15:43:00'),
(277,	'TestProduct70',	'p70',	63,	12000,	'2015-05-05 15:43:00',	'2015-05-05 15:43:00',	'2015-05-05 15:43:00'),
(278,	'TestProduct71',	'p71',	29,	14000,	'2015-05-05 15:43:00',	'2015-05-05 15:43:00',	'2015-05-05 15:43:00'),
(279,	'TestProduct72',	'p72',	40,	12000,	'2015-05-05 15:43:00',	'2015-05-05 15:43:00',	'2015-05-05 15:43:00'),
(280,	'TestProduct73',	'p73',	89,	17000,	'2015-05-05 15:43:00',	'2015-05-05 15:43:00',	'2015-05-05 15:43:00'),
(281,	'TestProduct74',	'p74',	93,	9000,	'2015-05-05 15:43:00',	'2015-05-05 15:43:00',	'2015-05-05 15:43:00'),
(282,	'TestProduct75',	'p75',	99,	9000,	'2015-05-05 15:43:00',	'2015-05-05 15:43:00',	'2015-05-05 15:43:00'),
(283,	'TestProduct76',	'p76',	67,	7000,	'2015-05-05 15:43:00',	'2015-05-05 15:43:00',	'2015-05-05 15:43:00'),
(284,	'TestProduct77',	'p77',	17,	10000,	'2015-05-05 15:43:00',	'2015-05-05 15:43:00',	'2015-05-05 15:43:00'),
(285,	'TestProduct78',	'p78',	69,	15000,	'2015-05-05 15:43:00',	'2015-05-05 15:43:00',	'2015-05-05 15:43:00'),
(286,	'TestProduct79',	'p79',	67,	6000,	'2015-05-05 15:43:00',	'2015-05-05 15:43:00',	'2015-05-05 15:43:00'),
(287,	'TestProduct80',	'p80',	50,	13000,	'2015-05-05 15:43:00',	'2015-05-05 15:43:00',	'2015-05-05 15:43:00'),
(288,	'TestProduct81',	'p81',	6,	19000,	'2015-05-05 15:43:00',	'2015-05-05 15:43:00',	'2015-05-05 15:43:00'),
(289,	'TestProduct82',	'p82',	13,	10000,	'2015-05-05 15:43:01',	'2015-05-05 15:43:01',	'2015-05-05 15:43:01'),
(290,	'TestProduct83',	'p83',	4,	8000,	'2015-05-05 15:43:01',	'2015-05-05 15:43:01',	'2015-05-05 15:43:01'),
(291,	'TestProduct84',	'p84',	88,	16000,	'2015-05-05 15:43:01',	'2015-05-05 15:43:01',	'2015-05-05 15:43:01'),
(292,	'TestProduct85',	'p85',	66,	10000,	'2015-05-05 15:43:01',	'2015-05-05 15:43:01',	'2015-05-05 15:43:01'),
(293,	'TestProduct86',	'p86',	33,	19000,	'2015-05-05 15:43:01',	'2015-05-05 15:43:01',	'2015-05-05 15:43:01'),
(294,	'TestProduct87',	'p87',	19,	15000,	'2015-05-05 15:43:01',	'2015-05-05 15:43:01',	'2015-05-05 15:43:01'),
(295,	'TestProduct88',	'p88',	51,	2000,	'2015-05-05 15:43:01',	'2015-05-05 15:43:01',	'2015-05-05 15:43:01'),
(296,	'TestProduct89',	'p89',	56,	9000,	'2015-05-05 15:43:01',	'2015-05-05 15:43:01',	'2015-05-05 15:43:01'),
(297,	'TestProduct90',	'p90',	52,	11000,	'2015-05-05 15:43:01',	'2015-05-05 15:43:01',	'2015-05-05 15:43:01'),
(298,	'TestProduct91',	'p91',	87,	4000,	'2015-05-05 15:43:01',	'2015-05-05 15:43:01',	'2015-05-05 15:43:01'),
(299,	'TestProduct92',	'p92',	86,	1000,	'2015-05-05 15:43:01',	'2015-05-05 15:43:01',	'2015-05-05 15:43:01'),
(300,	'TestProduct93',	'p93',	66,	11000,	'2015-05-05 15:43:01',	'2015-05-05 15:43:01',	'2015-05-05 15:43:01'),
(301,	'TestProduct94',	'p94',	74,	7000,	'2015-05-05 15:43:01',	'2015-05-05 15:43:01',	'2015-05-05 15:43:01'),
(302,	'TestProduct95',	'p95',	82,	5000,	'2015-05-05 15:43:01',	'2015-05-05 15:43:01',	'2015-05-05 15:43:01'),
(303,	'TestProduct96',	'p96',	97,	18000,	'2015-05-05 15:43:01',	'2015-05-05 15:43:01',	'2015-05-05 15:43:01'),
(304,	'TestProduct97',	'p97',	16,	2000,	'2015-05-05 15:43:01',	'2015-05-05 15:43:01',	'2015-05-05 15:43:01'),
(305,	'TestProduct98',	'p98',	35,	4000,	'2015-05-05 15:43:01',	'2015-05-05 15:43:01',	'2015-05-05 15:43:01'),
(306,	'TestProduct99',	'p99',	45,	5000,	'2015-05-05 15:43:01',	'2015-05-05 15:43:01',	'2015-05-05 15:43:01'),
(307,	'TestProduct100',	'p100',	96,	3000,	'2015-05-05 15:43:01',	'2015-05-05 15:43:01',	'2015-05-05 15:43:01'),
(308,	'TestProduct101',	'p101',	72,	6000,	'2015-05-05 15:43:01',	'2015-05-05 15:43:01',	'2015-05-05 15:43:01'),
(309,	'TestProduct102',	'p102',	6,	19000,	'2015-05-05 15:43:01',	'2015-05-05 15:43:01',	'2015-05-05 15:43:01'),
(310,	'TestProduct103',	'p103',	1,	12000,	'2015-05-05 15:43:01',	'2015-05-05 15:43:01',	'2015-05-05 15:43:01'),
(311,	'TestProduct104',	'p104',	98,	12000,	'2015-05-05 15:43:01',	'2015-05-05 15:43:01',	'2015-05-05 15:43:01'),
(312,	'TestProduct105',	'p105',	99,	10000,	'2015-05-05 15:43:02',	'2015-05-05 15:43:02',	'2015-05-05 15:43:02'),
(313,	'TestProduct106',	'p106',	11,	17000,	'2015-05-05 15:43:02',	'2015-05-05 15:43:02',	'2015-05-05 15:43:02'),
(314,	'TestProduct107',	'p107',	68,	20000,	'2015-05-05 15:43:02',	'2015-05-05 15:43:02',	'2015-05-05 15:43:02'),
(315,	'TestProduct108',	'p108',	88,	7000,	'2015-05-05 15:43:02',	'2015-05-05 15:43:02',	'2015-05-05 15:43:02'),
(316,	'TestProduct109',	'p109',	50,	13000,	'2015-05-05 15:43:02',	'2015-05-05 15:43:02',	'2015-05-05 15:43:02'),
(317,	'TestProduct110',	'p110',	66,	7000,	'2015-05-05 15:43:02',	'2015-05-05 15:43:02',	'2015-05-05 15:43:02'),
(318,	'TestProduct111',	'p111',	85,	13000,	'2015-05-05 15:43:02',	'2015-05-05 15:43:02',	'2015-05-05 15:43:02'),
(319,	'TestProduct112',	'p112',	18,	20000,	'2015-05-05 15:43:02',	'2015-05-05 15:43:02',	'2015-05-05 15:43:02'),
(320,	'TestProduct113',	'p113',	71,	11000,	'2015-05-05 15:43:02',	'2015-05-05 15:43:02',	'2015-05-05 15:43:02'),
(321,	'TestProduct114',	'p114',	20,	4000,	'2015-05-05 15:43:02',	'2015-05-05 15:43:02',	'2015-05-05 15:43:02'),
(322,	'TestProduct115',	'p115',	75,	3000,	'2015-05-05 15:43:02',	'2015-05-05 15:43:02',	'2015-05-05 15:43:02'),
(323,	'TestProduct116',	'p116',	27,	10000,	'2015-05-05 15:43:02',	'2015-05-05 15:43:02',	'2015-05-05 15:43:02'),
(324,	'TestProduct117',	'p117',	43,	7000,	'2015-05-05 15:43:02',	'2015-05-05 15:43:02',	'2015-05-05 15:43:02'),
(325,	'TestProduct118',	'p118',	37,	9000,	'2015-05-05 15:43:02',	'2015-05-05 15:43:02',	'2015-05-05 15:43:02'),
(326,	'TestProduct119',	'p119',	88,	7000,	'2015-05-05 15:43:02',	'2015-05-05 15:43:02',	'2015-05-05 15:43:02'),
(327,	'TestProduct120',	'p120',	100,	18000,	'2015-05-05 15:43:02',	'2015-05-05 15:43:02',	'2015-05-05 15:43:02'),
(328,	'TestProduct121',	'p121',	84,	3000,	'2015-05-05 15:43:02',	'2015-05-05 15:43:02',	'2015-05-05 15:43:02'),
(329,	'TestProduct122',	'p122',	71,	11000,	'2015-05-05 15:43:02',	'2015-05-05 15:43:02',	'2015-05-05 15:43:02'),
(330,	'TestProduct123',	'p123',	7,	12000,	'2015-05-05 15:43:02',	'2015-05-05 15:43:02',	'2015-05-05 15:43:02'),
(331,	'TestProduct124',	'p124',	84,	12000,	'2015-05-05 15:43:02',	'2015-05-05 15:43:02',	'2015-05-05 15:43:02'),
(332,	'TestProduct125',	'p125',	20,	10000,	'2015-05-05 15:43:02',	'2015-05-05 15:43:02',	'2015-05-05 15:43:02'),
(333,	'TestProduct126',	'p126',	87,	1000,	'2015-05-05 15:43:02',	'2015-05-05 15:43:02',	'2015-05-05 15:43:02'),
(334,	'TestProduct127',	'p127',	11,	1000,	'2015-05-05 15:43:02',	'2015-05-05 15:43:02',	'2015-05-05 15:43:02'),
(335,	'TestProduct128',	'p128',	4,	17000,	'2015-05-05 15:43:02',	'2015-05-05 15:43:02',	'2015-05-05 15:43:02'),
(336,	'TestProduct129',	'p129',	57,	5000,	'2015-05-05 15:43:03',	'2015-05-05 15:43:03',	'2015-05-05 15:43:03'),
(337,	'TestProduct130',	'p130',	98,	7000,	'2015-05-05 15:43:03',	'2015-05-05 15:43:03',	'2015-05-05 15:43:03'),
(338,	'TestProduct131',	'p131',	38,	5000,	'2015-05-05 15:43:03',	'2015-05-05 15:43:03',	'2015-05-05 15:43:03'),
(339,	'TestProduct132',	'p132',	78,	16000,	'2015-05-05 15:43:03',	'2015-05-05 15:43:03',	'2015-05-05 15:43:03'),
(340,	'TestProduct133',	'p133',	57,	3000,	'2015-05-05 15:43:03',	'2015-05-05 15:43:03',	'2015-05-05 15:43:03'),
(341,	'TestProduct134',	'p134',	24,	9000,	'2015-05-05 15:43:03',	'2015-05-05 15:43:03',	'2015-05-05 15:43:03'),
(342,	'TestProduct135',	'p135',	50,	5000,	'2015-05-05 15:43:03',	'2015-05-05 15:43:03',	'2015-05-05 15:43:03'),
(343,	'TestProduct136',	'p136',	29,	7000,	'2015-05-05 15:43:03',	'2015-05-05 15:43:03',	'2015-05-05 15:43:03'),
(344,	'TestProduct137',	'p137',	33,	20000,	'2015-05-05 15:43:03',	'2015-05-05 15:43:03',	'2015-05-05 15:43:03'),
(345,	'TestProduct138',	'p138',	83,	8000,	'2015-05-05 15:43:03',	'2015-05-05 15:43:03',	'2015-05-05 15:43:03'),
(346,	'TestProduct139',	'p139',	57,	14000,	'2015-05-05 15:43:03',	'2015-05-05 15:43:03',	'2015-05-05 15:43:03'),
(347,	'TestProduct140',	'p140',	96,	16000,	'2015-05-05 15:43:03',	'2015-05-05 15:43:03',	'2015-05-05 15:43:03'),
(348,	'TestProduct141',	'p141',	16,	17000,	'2015-05-05 15:43:03',	'2015-05-05 15:43:03',	'2015-05-05 15:43:03'),
(349,	'TestProduct142',	'p142',	80,	6000,	'2015-05-05 15:43:03',	'2015-05-05 15:43:03',	'2015-05-05 15:43:03'),
(350,	'TestProduct143',	'p143',	87,	17000,	'2015-05-05 15:43:03',	'2015-05-05 15:43:03',	'2015-05-05 15:43:03'),
(351,	'TestProduct144',	'p144',	8,	9000,	'2015-05-05 15:43:03',	'2015-05-05 15:43:03',	'2015-05-05 15:43:03'),
(352,	'TestProduct145',	'p145',	5,	2000,	'2015-05-05 15:43:03',	'2015-05-05 15:43:03',	'2015-05-05 15:43:03'),
(353,	'TestProduct146',	'p146',	76,	9000,	'2015-05-05 15:43:03',	'2015-05-05 15:43:03',	'2015-05-05 15:43:03'),
(354,	'TestProduct147',	'p147',	30,	11000,	'2015-05-05 15:43:03',	'2015-05-05 15:43:03',	'2015-05-05 15:43:03'),
(355,	'TestProduct148',	'p148',	23,	18000,	'2015-05-05 15:43:03',	'2015-05-05 15:43:03',	'2015-05-05 15:43:03'),
(356,	'TestProduct149',	'p149',	68,	10000,	'2015-05-05 15:43:03',	'2015-05-05 15:43:03',	'2015-05-05 15:43:03'),
(357,	'TestProduct150',	'p150',	30,	4000,	'2015-05-05 15:43:03',	'2015-05-05 15:43:03',	'2015-05-05 15:43:03'),
(358,	'TestProduct151',	'p151',	68,	12000,	'2015-05-05 15:43:03',	'2015-05-05 15:43:03',	'2015-05-05 15:43:03'),
(359,	'TestProduct152',	'p152',	50,	1000,	'2015-05-05 15:43:04',	'2015-05-05 15:43:04',	'2015-05-05 15:43:04'),
(360,	'TestProduct153',	'p153',	57,	7000,	'2015-05-05 15:43:04',	'2015-05-05 15:43:04',	'2015-05-05 15:43:04'),
(361,	'TestProduct154',	'p154',	41,	3000,	'2015-05-05 15:43:04',	'2015-05-05 15:43:04',	'2015-05-05 15:43:04'),
(362,	'TestProduct155',	'p155',	99,	8000,	'2015-05-05 15:43:04',	'2015-05-05 15:43:04',	'2015-05-05 15:43:04'),
(363,	'TestProduct156',	'p156',	89,	3000,	'2015-05-05 15:43:04',	'2015-05-05 15:43:04',	'2015-05-05 15:43:04'),
(364,	'TestProduct157',	'p157',	18,	14000,	'2015-05-05 15:43:04',	'2015-05-05 15:43:04',	'2015-05-05 15:43:04'),
(365,	'TestProduct158',	'p158',	41,	1000,	'2015-05-05 15:43:04',	'2015-05-05 15:43:04',	'2015-05-05 15:43:04'),
(366,	'TestProduct159',	'p159',	51,	10000,	'2015-05-05 15:43:04',	'2015-05-05 15:43:04',	'2015-05-05 15:43:04'),
(367,	'TestProduct160',	'p160',	48,	12000,	'2015-05-05 15:43:04',	'2015-05-05 15:43:04',	'2015-05-05 15:43:04'),
(368,	'TestProduct161',	'p161',	54,	5000,	'2015-05-05 15:43:04',	'2015-05-05 15:43:04',	'2015-05-05 15:43:04'),
(369,	'TestProduct162',	'p162',	98,	17000,	'2015-05-05 15:43:04',	'2015-05-05 15:43:04',	'2015-05-05 15:43:04'),
(370,	'TestProduct163',	'p163',	76,	4000,	'2015-05-05 15:43:04',	'2015-05-05 15:43:04',	'2015-05-05 15:43:04'),
(371,	'TestProduct164',	'p164',	70,	9000,	'2015-05-05 15:43:04',	'2015-05-05 15:43:04',	'2015-05-05 15:43:04'),
(372,	'TestProduct165',	'p165',	66,	20000,	'2015-05-05 15:43:04',	'2015-05-05 15:43:04',	'2015-05-05 15:43:04'),
(373,	'TestProduct166',	'p166',	61,	7000,	'2015-05-05 15:43:04',	'2015-05-05 15:43:04',	'2015-05-05 15:43:04'),
(374,	'TestProduct167',	'p167',	57,	3000,	'2015-05-05 15:43:04',	'2015-05-05 15:43:04',	'2015-05-05 15:43:04'),
(375,	'TestProduct168',	'p168',	34,	3000,	'2015-05-05 15:43:04',	'2015-05-05 15:43:04',	'2015-05-05 15:43:04'),
(376,	'TestProduct169',	'p169',	43,	15000,	'2015-05-05 15:43:04',	'2015-05-05 15:43:04',	'2015-05-05 15:43:04'),
(377,	'TestProduct170',	'p170',	27,	9000,	'2015-05-05 15:43:04',	'2015-05-05 15:43:04',	'2015-05-05 15:43:04'),
(378,	'TestProduct171',	'p171',	10,	3000,	'2015-05-05 15:43:04',	'2015-05-05 15:43:04',	'2015-05-05 15:43:04'),
(379,	'TestProduct172',	'p172',	56,	6000,	'2015-05-05 15:43:04',	'2015-05-05 15:43:04',	'2015-05-05 15:43:04'),
(380,	'TestProduct173',	'p173',	84,	20000,	'2015-05-05 15:43:04',	'2015-05-05 15:43:04',	'2015-05-05 15:43:04'),
(381,	'TestProduct174',	'p174',	32,	7000,	'2015-05-05 15:43:05',	'2015-05-05 15:43:05',	'2015-05-05 15:43:05'),
(382,	'TestProduct175',	'p175',	44,	16000,	'2015-05-05 15:43:05',	'2015-05-05 15:43:05',	'2015-05-05 15:43:05'),
(383,	'TestProduct176',	'p176',	90,	20000,	'2015-05-05 15:43:05',	'2015-05-05 15:43:05',	'2015-05-05 15:43:05'),
(384,	'TestProduct177',	'p177',	3,	18000,	'2015-05-05 15:43:05',	'2015-05-05 15:43:05',	'2015-05-05 15:43:05'),
(385,	'TestProduct178',	'p178',	81,	16000,	'2015-05-05 15:43:05',	'2015-05-05 15:43:05',	'2015-05-05 15:43:05'),
(386,	'TestProduct179',	'p179',	8,	10000,	'2015-05-05 15:43:05',	'2015-05-05 15:43:05',	'2015-05-05 15:43:05'),
(387,	'TestProduct180',	'p180',	22,	15000,	'2015-05-05 15:43:05',	'2015-05-05 15:43:05',	'2015-05-05 15:43:05'),
(388,	'TestProduct181',	'p181',	49,	17000,	'2015-05-05 15:43:05',	'2015-05-05 15:43:05',	'2015-05-05 15:43:05'),
(389,	'TestProduct182',	'p182',	6,	2000,	'2015-05-05 15:43:05',	'2015-05-05 15:43:05',	'2015-05-05 15:43:05'),
(390,	'TestProduct183',	'p183',	93,	8000,	'2015-05-05 15:43:05',	'2015-05-05 15:43:05',	'2015-05-05 15:43:05'),
(391,	'TestProduct184',	'p184',	19,	8000,	'2015-05-05 15:43:05',	'2015-05-05 15:43:05',	'2015-05-05 15:43:05'),
(392,	'TestProduct185',	'p185',	14,	9000,	'2015-05-05 15:43:05',	'2015-05-05 15:43:05',	'2015-05-05 15:43:05'),
(393,	'TestProduct186',	'p186',	77,	5000,	'2015-05-05 15:43:05',	'2015-05-05 15:43:05',	'2015-05-05 15:43:05'),
(394,	'TestProduct187',	'p187',	60,	7000,	'2015-05-05 15:43:05',	'2015-05-05 15:43:05',	'2015-05-05 15:43:05'),
(395,	'TestProduct188',	'p188',	50,	9000,	'2015-05-05 15:43:05',	'2015-05-05 15:43:05',	'2015-05-05 15:43:05'),
(396,	'TestProduct189',	'p189',	29,	17000,	'2015-05-05 15:43:05',	'2015-05-05 15:43:05',	'2015-05-05 15:43:05'),
(397,	'TestProduct190',	'p190',	76,	15000,	'2015-05-05 15:43:05',	'2015-05-05 15:43:05',	'2015-05-05 15:43:05'),
(398,	'TestProduct191',	'p191',	61,	14000,	'2015-05-05 15:43:05',	'2015-05-05 15:43:05',	'2015-05-05 15:43:05'),
(399,	'TestProduct192',	'p192',	69,	13000,	'2015-05-05 15:43:05',	'2015-05-05 15:43:05',	'2015-05-05 15:43:05'),
(400,	'TestProduct193',	'p193',	53,	10000,	'2015-05-05 15:43:05',	'2015-05-05 15:43:05',	'2015-05-05 15:43:05'),
(401,	'TestProduct194',	'p194',	41,	12000,	'2015-05-05 15:43:05',	'2015-05-05 15:43:05',	'2015-05-05 15:43:05'),
(402,	'TestProduct195',	'p195',	99,	13000,	'2015-05-05 15:43:05',	'2015-05-05 15:43:05',	'2015-05-05 15:43:05'),
(403,	'TestProduct196',	'p196',	32,	10000,	'2015-05-05 15:43:05',	'2015-05-05 15:43:05',	'2015-05-05 15:43:05'),
(404,	'TestProduct197',	'p197',	46,	8000,	'2015-05-05 15:43:05',	'2015-05-05 15:43:05',	'2015-05-05 15:43:05'),
(405,	'TestProduct198',	'p198',	53,	8000,	'2015-05-05 15:43:05',	'2015-05-05 15:43:05',	'2015-05-05 15:43:05'),
(406,	'TestProduct199',	'p199',	76,	15000,	'2015-05-05 15:43:05',	'2015-05-05 15:43:05',	'2015-05-05 15:43:05'),
(407,	'TestProduct0',	'p0',	40,	17000,	'2015-05-05 15:57:37',	'2015-05-05 15:57:37',	'2015-05-05 15:57:37'),
(408,	'TestProduct1',	'p1',	1,	16000,	'2015-05-05 15:57:37',	'2015-05-05 15:57:37',	'2015-05-05 15:57:37'),
(409,	'TestProduct2',	'p2',	64,	4000,	'2015-05-05 15:57:37',	'2015-05-05 15:57:37',	'2015-05-05 15:57:37'),
(410,	'TestProduct3',	'p3',	23,	13000,	'2015-05-05 15:57:37',	'2015-05-05 15:57:37',	'2015-05-05 15:57:37'),
(411,	'TestProduct4',	'p4',	85,	17000,	'2015-05-05 15:57:37',	'2015-05-05 15:57:37',	'2015-05-05 15:57:37'),
(412,	'TestProduct5',	'p5',	95,	6000,	'2015-05-05 15:57:37',	'2015-05-05 15:57:37',	'2015-05-05 15:57:37'),
(413,	'TestProduct6',	'p6',	95,	11000,	'2015-05-05 15:57:37',	'2015-05-05 15:57:37',	'2015-05-05 15:57:37'),
(414,	'TestProduct7',	'p7',	78,	19000,	'2015-05-05 15:57:37',	'2015-05-05 15:57:37',	'2015-05-05 15:57:37'),
(415,	'TestProduct8',	'p8',	96,	10000,	'2015-05-05 15:57:37',	'2015-05-05 15:57:37',	'2015-05-05 15:57:37'),
(416,	'TestProduct9',	'p9',	54,	12000,	'2015-05-05 15:57:37',	'2015-05-05 15:57:37',	'2015-05-05 15:57:37'),
(417,	'TestProduct10',	'p10',	83,	20000,	'2015-05-05 15:57:37',	'2015-05-05 15:57:37',	'2015-05-05 15:57:37'),
(418,	'TestProduct11',	'p11',	90,	2000,	'2015-05-05 15:57:37',	'2015-05-05 15:57:37',	'2015-05-05 15:57:37'),
(419,	'TestProduct12',	'p12',	51,	1000,	'2015-05-05 15:57:37',	'2015-05-05 15:57:37',	'2015-05-05 15:57:37'),
(420,	'TestProduct13',	'p13',	3,	18000,	'2015-05-05 15:57:37',	'2015-05-05 15:57:37',	'2015-05-05 15:57:37'),
(421,	'TestProduct14',	'p14',	78,	15000,	'2015-05-05 15:57:37',	'2015-05-05 15:57:37',	'2015-05-05 15:57:37'),
(422,	'TestProduct15',	'p15',	22,	4000,	'2015-05-05 15:57:37',	'2015-05-05 15:57:37',	'2015-05-05 15:57:37'),
(423,	'TestProduct16',	'p16',	54,	5000,	'2015-05-05 15:57:37',	'2015-05-05 15:57:37',	'2015-05-05 15:57:37'),
(424,	'TestProduct17',	'p17',	97,	4000,	'2015-05-05 15:57:37',	'2015-05-05 15:57:37',	'2015-05-05 15:57:37'),
(425,	'TestProduct18',	'p18',	42,	4000,	'2015-05-05 15:57:37',	'2015-05-05 15:57:37',	'2015-05-05 15:57:37'),
(426,	'TestProduct19',	'p19',	81,	6000,	'2015-05-05 15:57:37',	'2015-05-05 15:57:37',	'2015-05-05 15:57:37'),
(427,	'TestProduct20',	'p20',	1,	16000,	'2015-05-05 15:57:38',	'2015-05-05 15:57:38',	'2015-05-05 15:57:38'),
(428,	'TestProduct21',	'p21',	56,	19000,	'2015-05-05 15:57:38',	'2015-05-05 15:57:38',	'2015-05-05 15:57:38'),
(429,	'TestProduct22',	'p22',	30,	7000,	'2015-05-05 15:57:38',	'2015-05-05 15:57:38',	'2015-05-05 15:57:38'),
(430,	'TestProduct23',	'p23',	87,	5000,	'2015-05-05 15:57:38',	'2015-05-05 15:57:38',	'2015-05-05 15:57:38'),
(431,	'TestProduct24',	'p24',	80,	9000,	'2015-05-05 15:57:38',	'2015-05-05 15:57:38',	'2015-05-05 15:57:38'),
(432,	'TestProduct25',	'p25',	81,	13000,	'2015-05-05 15:57:38',	'2015-05-05 15:57:38',	'2015-05-05 15:57:38'),
(433,	'TestProduct26',	'p26',	37,	14000,	'2015-05-05 15:57:38',	'2015-05-05 15:57:38',	'2015-05-05 15:57:38'),
(434,	'TestProduct27',	'p27',	70,	18000,	'2015-05-05 15:57:38',	'2015-05-05 15:57:38',	'2015-05-05 15:57:38'),
(435,	'TestProduct28',	'p28',	72,	15000,	'2015-05-05 15:57:38',	'2015-05-05 15:57:38',	'2015-05-05 15:57:38'),
(436,	'TestProduct29',	'p29',	73,	10000,	'2015-05-05 15:57:38',	'2015-05-05 15:57:38',	'2015-05-05 15:57:38'),
(437,	'TestProduct30',	'p30',	43,	19000,	'2015-05-05 15:57:38',	'2015-05-05 15:57:38',	'2015-05-05 15:57:38'),
(438,	'TestProduct31',	'p31',	67,	20000,	'2015-05-05 15:57:38',	'2015-05-05 15:57:38',	'2015-05-05 15:57:38'),
(439,	'TestProduct32',	'p32',	18,	13000,	'2015-05-05 15:57:38',	'2015-05-05 15:57:38',	'2015-05-05 15:57:38'),
(440,	'TestProduct33',	'p33',	13,	12000,	'2015-05-05 15:57:38',	'2015-05-05 15:57:38',	'2015-05-05 15:57:38'),
(441,	'TestProduct34',	'p34',	81,	19000,	'2015-05-05 15:57:38',	'2015-05-05 15:57:38',	'2015-05-05 15:57:38'),
(442,	'TestProduct35',	'p35',	85,	17000,	'2015-05-05 15:57:38',	'2015-05-05 15:57:38',	'2015-05-05 15:57:38'),
(443,	'TestProduct36',	'p36',	70,	9000,	'2015-05-05 15:57:38',	'2015-05-05 15:57:38',	'2015-05-05 15:57:38'),
(444,	'TestProduct37',	'p37',	76,	20000,	'2015-05-05 15:57:38',	'2015-05-05 15:57:38',	'2015-05-05 15:57:38'),
(445,	'TestProduct38',	'p38',	73,	13000,	'2015-05-05 15:57:38',	'2015-05-05 15:57:38',	'2015-05-05 15:57:38'),
(446,	'TestProduct39',	'p39',	23,	11000,	'2015-05-05 15:57:38',	'2015-05-05 15:57:38',	'2015-05-05 15:57:38'),
(447,	'TestProduct40',	'p40',	3,	1000,	'2015-05-05 15:57:38',	'2015-05-05 15:57:38',	'2015-05-05 15:57:38'),
(448,	'TestProduct41',	'p41',	14,	8000,	'2015-05-05 15:57:39',	'2015-05-05 15:57:39',	'2015-05-05 15:57:39'),
(449,	'TestProduct42',	'p42',	74,	17000,	'2015-05-05 15:57:39',	'2015-05-05 15:57:39',	'2015-05-05 15:57:39'),
(450,	'TestProduct43',	'p43',	26,	9000,	'2015-05-05 15:57:39',	'2015-05-05 15:57:39',	'2015-05-05 15:57:39'),
(451,	'TestProduct44',	'p44',	56,	20000,	'2015-05-05 15:57:39',	'2015-05-05 15:57:39',	'2015-05-05 15:57:39'),
(452,	'TestProduct45',	'p45',	94,	20000,	'2015-05-05 15:57:39',	'2015-05-05 15:57:39',	'2015-05-05 15:57:39'),
(453,	'TestProduct46',	'p46',	93,	12000,	'2015-05-05 15:57:39',	'2015-05-05 15:57:39',	'2015-05-05 15:57:39'),
(454,	'TestProduct47',	'p47',	94,	2000,	'2015-05-05 15:57:39',	'2015-05-05 15:57:39',	'2015-05-05 15:57:39'),
(455,	'TestProduct48',	'p48',	23,	2000,	'2015-05-05 15:57:39',	'2015-05-05 15:57:39',	'2015-05-05 15:57:39'),
(456,	'TestProduct49',	'p49',	69,	1000,	'2015-05-05 15:57:39',	'2015-05-05 15:57:39',	'2015-05-05 15:57:39'),
(457,	'TestProduct50',	'p50',	1,	11000,	'2015-05-05 15:57:39',	'2015-05-05 15:57:39',	'2015-05-05 15:57:39'),
(458,	'TestProduct51',	'p51',	85,	15000,	'2015-05-05 15:57:39',	'2015-05-05 15:57:39',	'2015-05-05 15:57:39'),
(459,	'TestProduct52',	'p52',	94,	12000,	'2015-05-05 15:57:39',	'2015-05-05 15:57:39',	'2015-05-05 15:57:39'),
(460,	'TestProduct53',	'p53',	69,	14000,	'2015-05-05 15:57:39',	'2015-05-05 15:57:39',	'2015-05-05 15:57:39'),
(461,	'TestProduct54',	'p54',	22,	19000,	'2015-05-05 15:57:39',	'2015-05-05 15:57:39',	'2015-05-05 15:57:39'),
(462,	'TestProduct55',	'p55',	18,	5000,	'2015-05-05 15:57:39',	'2015-05-05 15:57:39',	'2015-05-05 15:57:39'),
(463,	'TestProduct56',	'p56',	95,	7000,	'2015-05-05 15:57:39',	'2015-05-05 15:57:39',	'2015-05-05 15:57:39'),
(464,	'TestProduct57',	'p57',	63,	14000,	'2015-05-05 15:57:39',	'2015-05-05 15:57:39',	'2015-05-05 15:57:39'),
(465,	'TestProduct58',	'p58',	15,	18000,	'2015-05-05 15:57:39',	'2015-05-05 15:57:39',	'2015-05-05 15:57:39'),
(466,	'TestProduct59',	'p59',	13,	15000,	'2015-05-05 15:57:39',	'2015-05-05 15:57:39',	'2015-05-05 15:57:39'),
(467,	'TestProduct60',	'p60',	87,	2000,	'2015-05-05 15:57:39',	'2015-05-05 15:57:39',	'2015-05-05 15:57:39'),
(468,	'TestProduct61',	'p61',	69,	16000,	'2015-05-05 15:57:39',	'2015-05-05 15:57:39',	'2015-05-05 15:57:39'),
(469,	'TestProduct62',	'p62',	66,	13000,	'2015-05-05 15:57:39',	'2015-05-05 15:57:39',	'2015-05-05 15:57:39'),
(470,	'TestProduct63',	'p63',	89,	18000,	'2015-05-05 15:57:39',	'2015-05-05 15:57:39',	'2015-05-05 15:57:39'),
(471,	'TestProduct64',	'p64',	69,	12000,	'2015-05-05 15:57:39',	'2015-05-05 15:57:39',	'2015-05-05 15:57:39'),
(472,	'TestProduct65',	'p65',	91,	14000,	'2015-05-05 15:57:40',	'2015-05-05 15:57:40',	'2015-05-05 15:57:40'),
(473,	'TestProduct66',	'p66',	12,	15000,	'2015-05-05 15:57:40',	'2015-05-05 15:57:40',	'2015-05-05 15:57:40'),
(474,	'TestProduct67',	'p67',	39,	1000,	'2015-05-05 15:57:40',	'2015-05-05 15:57:40',	'2015-05-05 15:57:40'),
(475,	'TestProduct68',	'p68',	35,	2000,	'2015-05-05 15:57:40',	'2015-05-05 15:57:40',	'2015-05-05 15:57:40'),
(476,	'TestProduct69',	'p69',	71,	12000,	'2015-05-05 15:57:40',	'2015-05-05 15:57:40',	'2015-05-05 15:57:40'),
(477,	'TestProduct70',	'p70',	100,	18000,	'2015-05-05 15:57:40',	'2015-05-05 15:57:40',	'2015-05-05 15:57:40'),
(478,	'TestProduct71',	'p71',	80,	19000,	'2015-05-05 15:57:40',	'2015-05-05 15:57:40',	'2015-05-05 15:57:40'),
(479,	'TestProduct72',	'p72',	20,	9000,	'2015-05-05 15:57:40',	'2015-05-05 15:57:40',	'2015-05-05 15:57:40'),
(480,	'TestProduct73',	'p73',	62,	7000,	'2015-05-05 15:57:40',	'2015-05-05 15:57:40',	'2015-05-05 15:57:40'),
(481,	'TestProduct74',	'p74',	31,	15000,	'2015-05-05 15:57:40',	'2015-05-05 15:57:40',	'2015-05-05 15:57:40'),
(482,	'TestProduct75',	'p75',	5,	4000,	'2015-05-05 15:57:40',	'2015-05-05 15:57:40',	'2015-05-05 15:57:40'),
(483,	'TestProduct76',	'p76',	80,	15000,	'2015-05-05 15:57:40',	'2015-05-05 15:57:40',	'2015-05-05 15:57:40'),
(484,	'TestProduct77',	'p77',	96,	9000,	'2015-05-05 15:57:41',	'2015-05-05 15:57:41',	'2015-05-05 15:57:41'),
(485,	'TestProduct78',	'p78',	35,	17000,	'2015-05-05 15:57:41',	'2015-05-05 15:57:41',	'2015-05-05 15:57:41'),
(486,	'TestProduct79',	'p79',	32,	1000,	'2015-05-05 15:57:41',	'2015-05-05 15:57:41',	'2015-05-05 15:57:41'),
(487,	'TestProduct80',	'p80',	42,	5000,	'2015-05-05 15:57:41',	'2015-05-05 15:57:41',	'2015-05-05 15:57:41'),
(488,	'TestProduct81',	'p81',	72,	11000,	'2015-05-05 15:57:41',	'2015-05-05 15:57:41',	'2015-05-05 15:57:41'),
(489,	'TestProduct82',	'p82',	97,	3000,	'2015-05-05 15:57:41',	'2015-05-05 15:57:41',	'2015-05-05 15:57:41'),
(490,	'TestProduct83',	'p83',	58,	7000,	'2015-05-05 15:57:41',	'2015-05-05 15:57:41',	'2015-05-05 15:57:41'),
(491,	'TestProduct84',	'p84',	19,	6000,	'2015-05-05 15:57:41',	'2015-05-05 15:57:41',	'2015-05-05 15:57:41'),
(492,	'TestProduct85',	'p85',	87,	4000,	'2015-05-05 15:57:41',	'2015-05-05 15:57:41',	'2015-05-05 15:57:41'),
(493,	'TestProduct86',	'p86',	16,	14000,	'2015-05-05 15:57:41',	'2015-05-05 15:57:41',	'2015-05-05 15:57:41'),
(494,	'TestProduct87',	'p87',	12,	7000,	'2015-05-05 15:57:41',	'2015-05-05 15:57:41',	'2015-05-05 15:57:41'),
(495,	'TestProduct88',	'p88',	9,	15000,	'2015-05-05 15:57:41',	'2015-05-05 15:57:41',	'2015-05-05 15:57:41'),
(496,	'TestProduct89',	'p89',	70,	8000,	'2015-05-05 15:57:41',	'2015-05-05 15:57:41',	'2015-05-05 15:57:41'),
(497,	'TestProduct90',	'p90',	48,	15000,	'2015-05-05 15:57:41',	'2015-05-05 15:57:41',	'2015-05-05 15:57:41'),
(498,	'TestProduct91',	'p91',	56,	6000,	'2015-05-05 15:57:41',	'2015-05-05 15:57:41',	'2015-05-05 15:57:41'),
(499,	'TestProduct92',	'p92',	47,	11000,	'2015-05-05 15:57:41',	'2015-05-05 15:57:41',	'2015-05-05 15:57:41'),
(500,	'TestProduct93',	'p93',	71,	17000,	'2015-05-05 15:57:41',	'2015-05-05 15:57:41',	'2015-05-05 15:57:41'),
(501,	'TestProduct94',	'p94',	35,	1000,	'2015-05-05 15:57:41',	'2015-05-05 15:57:41',	'2015-05-05 15:57:41'),
(502,	'TestProduct95',	'p95',	85,	16000,	'2015-05-05 15:57:41',	'2015-05-05 15:57:41',	'2015-05-05 15:57:41'),
(503,	'TestProduct96',	'p96',	25,	12000,	'2015-05-05 15:57:42',	'2015-05-05 15:57:42',	'2015-05-05 15:57:42'),
(504,	'TestProduct97',	'p97',	29,	5000,	'2015-05-05 15:57:42',	'2015-05-05 15:57:42',	'2015-05-05 15:57:42'),
(505,	'TestProduct98',	'p98',	67,	18000,	'2015-05-05 15:57:42',	'2015-05-05 15:57:42',	'2015-05-05 15:57:42'),
(506,	'TestProduct99',	'p99',	52,	17000,	'2015-05-05 15:57:42',	'2015-05-05 15:57:42',	'2015-05-05 15:57:42'),
(507,	'TestProduct100',	'p100',	13,	8000,	'2015-05-05 15:57:42',	'2015-05-05 15:57:42',	'2015-05-05 15:57:42'),
(508,	'TestProduct101',	'p101',	3,	6000,	'2015-05-05 15:57:42',	'2015-05-05 15:57:42',	'2015-05-05 15:57:42'),
(509,	'TestProduct102',	'p102',	5,	3000,	'2015-05-05 15:57:42',	'2015-05-05 15:57:42',	'2015-05-05 15:57:42'),
(510,	'TestProduct103',	'p103',	63,	3000,	'2015-05-05 15:57:42',	'2015-05-05 15:57:42',	'2015-05-05 15:57:42'),
(511,	'TestProduct104',	'p104',	88,	7000,	'2015-05-05 15:57:42',	'2015-05-05 15:57:42',	'2015-05-05 15:57:42'),
(512,	'TestProduct105',	'p105',	53,	7000,	'2015-05-05 15:57:42',	'2015-05-05 15:57:42',	'2015-05-05 15:57:42'),
(513,	'TestProduct106',	'p106',	6,	2000,	'2015-05-05 15:57:42',	'2015-05-05 15:57:42',	'2015-05-05 15:57:42'),
(514,	'TestProduct107',	'p107',	61,	11000,	'2015-05-05 15:57:42',	'2015-05-05 15:57:42',	'2015-05-05 15:57:42'),
(515,	'TestProduct108',	'p108',	58,	7000,	'2015-05-05 15:57:42',	'2015-05-05 15:57:42',	'2015-05-05 15:57:42'),
(516,	'TestProduct109',	'p109',	34,	19000,	'2015-05-05 15:57:42',	'2015-05-05 15:57:42',	'2015-05-05 15:57:42'),
(517,	'TestProduct110',	'p110',	34,	4000,	'2015-05-05 15:57:42',	'2015-05-05 15:57:42',	'2015-05-05 15:57:42'),
(518,	'TestProduct111',	'p111',	69,	12000,	'2015-05-05 15:57:42',	'2015-05-05 15:57:42',	'2015-05-05 15:57:42'),
(519,	'TestProduct112',	'p112',	74,	20000,	'2015-05-05 15:57:42',	'2015-05-05 15:57:42',	'2015-05-05 15:57:42'),
(520,	'TestProduct113',	'p113',	79,	9000,	'2015-05-05 15:57:42',	'2015-05-05 15:57:42',	'2015-05-05 15:57:42'),
(521,	'TestProduct114',	'p114',	82,	7000,	'2015-05-05 15:57:42',	'2015-05-05 15:57:42',	'2015-05-05 15:57:42'),
(522,	'TestProduct115',	'p115',	25,	19000,	'2015-05-05 15:57:43',	'2015-05-05 15:57:43',	'2015-05-05 15:57:43'),
(523,	'TestProduct116',	'p116',	70,	6000,	'2015-05-05 15:57:43',	'2015-05-05 15:57:43',	'2015-05-05 15:57:43'),
(524,	'TestProduct117',	'p117',	23,	15000,	'2015-05-05 15:57:43',	'2015-05-05 15:57:43',	'2015-05-05 15:57:43'),
(525,	'TestProduct118',	'p118',	42,	18000,	'2015-05-05 15:57:43',	'2015-05-05 15:57:43',	'2015-05-05 15:57:43'),
(526,	'TestProduct119',	'p119',	88,	6000,	'2015-05-05 15:57:43',	'2015-05-05 15:57:43',	'2015-05-05 15:57:43'),
(527,	'TestProduct120',	'p120',	18,	9000,	'2015-05-05 15:57:43',	'2015-05-05 15:57:43',	'2015-05-05 15:57:43'),
(528,	'TestProduct121',	'p121',	63,	5000,	'2015-05-05 15:57:43',	'2015-05-05 15:57:43',	'2015-05-05 15:57:43'),
(529,	'TestProduct122',	'p122',	48,	5000,	'2015-05-05 15:57:43',	'2015-05-05 15:57:43',	'2015-05-05 15:57:43'),
(530,	'TestProduct123',	'p123',	76,	2000,	'2015-05-05 15:57:43',	'2015-05-05 15:57:43',	'2015-05-05 15:57:43'),
(531,	'TestProduct124',	'p124',	55,	2000,	'2015-05-05 15:57:43',	'2015-05-05 15:57:43',	'2015-05-05 15:57:43'),
(532,	'TestProduct125',	'p125',	99,	18000,	'2015-05-05 15:57:43',	'2015-05-05 15:57:43',	'2015-05-05 15:57:43'),
(533,	'TestProduct126',	'p126',	26,	14000,	'2015-05-05 15:57:43',	'2015-05-05 15:57:43',	'2015-05-05 15:57:43'),
(534,	'TestProduct127',	'p127',	47,	20000,	'2015-05-05 15:57:44',	'2015-05-05 15:57:43',	'2015-05-05 15:57:43'),
(535,	'TestProduct128',	'p128',	63,	5000,	'2015-05-05 15:57:44',	'2015-05-05 15:57:44',	'2015-05-05 15:57:44'),
(536,	'TestProduct129',	'p129',	39,	9000,	'2015-05-05 15:57:44',	'2015-05-05 15:57:44',	'2015-05-05 15:57:44'),
(537,	'TestProduct130',	'p130',	56,	13000,	'2015-05-05 15:57:44',	'2015-05-05 15:57:44',	'2015-05-05 15:57:44'),
(538,	'TestProduct131',	'p131',	39,	5000,	'2015-05-05 15:57:44',	'2015-05-05 15:57:44',	'2015-05-05 15:57:44'),
(539,	'TestProduct132',	'p132',	92,	13000,	'2015-05-05 15:57:44',	'2015-05-05 15:57:44',	'2015-05-05 15:57:44'),
(540,	'TestProduct133',	'p133',	99,	7000,	'2015-05-05 15:57:44',	'2015-05-05 15:57:44',	'2015-05-05 15:57:44'),
(541,	'TestProduct134',	'p134',	48,	18000,	'2015-05-05 15:57:44',	'2015-05-05 15:57:44',	'2015-05-05 15:57:44'),
(542,	'TestProduct135',	'p135',	61,	13000,	'2015-05-05 15:57:44',	'2015-05-05 15:57:44',	'2015-05-05 15:57:44'),
(543,	'TestProduct136',	'p136',	27,	5000,	'2015-05-05 15:57:44',	'2015-05-05 15:57:44',	'2015-05-05 15:57:44'),
(544,	'TestProduct137',	'p137',	88,	15000,	'2015-05-05 15:57:44',	'2015-05-05 15:57:44',	'2015-05-05 15:57:44'),
(545,	'TestProduct138',	'p138',	46,	13000,	'2015-05-05 15:57:44',	'2015-05-05 15:57:44',	'2015-05-05 15:57:44'),
(546,	'TestProduct139',	'p139',	80,	1000,	'2015-05-05 15:57:44',	'2015-05-05 15:57:44',	'2015-05-05 15:57:44'),
(547,	'TestProduct140',	'p140',	72,	16000,	'2015-05-05 15:57:44',	'2015-05-05 15:57:44',	'2015-05-05 15:57:44'),
(548,	'TestProduct141',	'p141',	89,	20000,	'2015-05-05 15:57:44',	'2015-05-05 15:57:44',	'2015-05-05 15:57:44'),
(549,	'TestProduct142',	'p142',	44,	7000,	'2015-05-05 15:57:44',	'2015-05-05 15:57:44',	'2015-05-05 15:57:44'),
(550,	'TestProduct143',	'p143',	96,	2000,	'2015-05-05 15:57:44',	'2015-05-05 15:57:44',	'2015-05-05 15:57:44'),
(551,	'TestProduct144',	'p144',	60,	7000,	'2015-05-05 15:57:44',	'2015-05-05 15:57:44',	'2015-05-05 15:57:44'),
(552,	'TestProduct145',	'p145',	51,	4000,	'2015-05-05 15:57:44',	'2015-05-05 15:57:44',	'2015-05-05 15:57:44'),
(553,	'TestProduct146',	'p146',	99,	18000,	'2015-05-05 15:57:44',	'2015-05-05 15:57:44',	'2015-05-05 15:57:44'),
(554,	'TestProduct147',	'p147',	40,	18000,	'2015-05-05 15:57:44',	'2015-05-05 15:57:44',	'2015-05-05 15:57:44'),
(555,	'TestProduct148',	'p148',	52,	8000,	'2015-05-05 15:57:44',	'2015-05-05 15:57:44',	'2015-05-05 15:57:44'),
(556,	'TestProduct149',	'p149',	22,	20000,	'2015-05-05 15:57:44',	'2015-05-05 15:57:44',	'2015-05-05 15:57:44'),
(557,	'TestProduct150',	'p150',	26,	17000,	'2015-05-05 15:57:45',	'2015-05-05 15:57:45',	'2015-05-05 15:57:45'),
(558,	'TestProduct151',	'p151',	64,	11000,	'2015-05-05 15:57:45',	'2015-05-05 15:57:45',	'2015-05-05 15:57:45'),
(559,	'TestProduct152',	'p152',	5,	11000,	'2015-05-05 15:57:45',	'2015-05-05 15:57:45',	'2015-05-05 15:57:45'),
(560,	'TestProduct153',	'p153',	26,	11000,	'2015-05-05 15:57:45',	'2015-05-05 15:57:45',	'2015-05-05 15:57:45'),
(561,	'TestProduct154',	'p154',	14,	2000,	'2015-05-05 15:57:45',	'2015-05-05 15:57:45',	'2015-05-05 15:57:45'),
(562,	'TestProduct155',	'p155',	52,	17000,	'2015-05-05 15:57:45',	'2015-05-05 15:57:45',	'2015-05-05 15:57:45'),
(563,	'TestProduct156',	'p156',	84,	9000,	'2015-05-05 15:57:45',	'2015-05-05 15:57:45',	'2015-05-05 15:57:45'),
(564,	'TestProduct157',	'p157',	82,	6000,	'2015-05-05 15:57:45',	'2015-05-05 15:57:45',	'2015-05-05 15:57:45'),
(565,	'TestProduct158',	'p158',	75,	16000,	'2015-05-05 15:57:45',	'2015-05-05 15:57:45',	'2015-05-05 15:57:45'),
(566,	'TestProduct159',	'p159',	34,	7000,	'2015-05-05 15:57:45',	'2015-05-05 15:57:45',	'2015-05-05 15:57:45'),
(567,	'TestProduct160',	'p160',	12,	17000,	'2015-05-05 15:57:45',	'2015-05-05 15:57:45',	'2015-05-05 15:57:45'),
(568,	'TestProduct161',	'p161',	50,	3000,	'2015-05-05 15:57:45',	'2015-05-05 15:57:45',	'2015-05-05 15:57:45'),
(569,	'TestProduct162',	'p162',	75,	18000,	'2015-05-05 15:57:45',	'2015-05-05 15:57:45',	'2015-05-05 15:57:45'),
(570,	'TestProduct163',	'p163',	100,	6000,	'2015-05-05 15:57:45',	'2015-05-05 15:57:45',	'2015-05-05 15:57:45'),
(571,	'TestProduct164',	'p164',	29,	5000,	'2015-05-05 15:57:45',	'2015-05-05 15:57:45',	'2015-05-05 15:57:45'),
(572,	'TestProduct165',	'p165',	25,	11000,	'2015-05-05 15:57:45',	'2015-05-05 15:57:45',	'2015-05-05 15:57:45'),
(573,	'TestProduct166',	'p166',	4,	18000,	'2015-05-05 15:57:45',	'2015-05-05 15:57:45',	'2015-05-05 15:57:45'),
(574,	'TestProduct167',	'p167',	5,	2000,	'2015-05-05 15:57:45',	'2015-05-05 15:57:45',	'2015-05-05 15:57:45'),
(575,	'TestProduct168',	'p168',	39,	7000,	'2015-05-05 15:57:45',	'2015-05-05 15:57:45',	'2015-05-05 15:57:45'),
(576,	'TestProduct169',	'p169',	60,	11000,	'2015-05-05 15:57:45',	'2015-05-05 15:57:45',	'2015-05-05 15:57:45'),
(577,	'TestProduct170',	'p170',	36,	3000,	'2015-05-05 15:57:45',	'2015-05-05 15:57:45',	'2015-05-05 15:57:45'),
(578,	'TestProduct171',	'p171',	37,	4000,	'2015-05-05 15:57:45',	'2015-05-05 15:57:45',	'2015-05-05 15:57:45'),
(579,	'TestProduct172',	'p172',	52,	4000,	'2015-05-05 15:57:45',	'2015-05-05 15:57:45',	'2015-05-05 15:57:45'),
(580,	'TestProduct173',	'p173',	47,	6000,	'2015-05-05 15:57:45',	'2015-05-05 15:57:45',	'2015-05-05 15:57:45'),
(581,	'TestProduct174',	'p174',	95,	17000,	'2015-05-05 15:57:45',	'2015-05-05 15:57:45',	'2015-05-05 15:57:45'),
(582,	'TestProduct175',	'p175',	61,	2000,	'2015-05-05 15:57:45',	'2015-05-05 15:57:45',	'2015-05-05 15:57:45'),
(583,	'TestProduct176',	'p176',	66,	3000,	'2015-05-05 15:57:45',	'2015-05-05 15:57:45',	'2015-05-05 15:57:45'),
(584,	'TestProduct177',	'p177',	17,	9000,	'2015-05-05 15:57:45',	'2015-05-05 15:57:45',	'2015-05-05 15:57:45'),
(585,	'TestProduct178',	'p178',	100,	4000,	'2015-05-05 15:57:45',	'2015-05-05 15:57:45',	'2015-05-05 15:57:45'),
(586,	'TestProduct179',	'p179',	67,	6000,	'2015-05-05 15:57:46',	'2015-05-05 15:57:46',	'2015-05-05 15:57:46'),
(587,	'TestProduct180',	'p180',	39,	19000,	'2015-05-05 15:57:46',	'2015-05-05 15:57:46',	'2015-05-05 15:57:46'),
(588,	'TestProduct181',	'p181',	82,	9000,	'2015-05-05 15:57:46',	'2015-05-05 15:57:46',	'2015-05-05 15:57:46'),
(589,	'TestProduct182',	'p182',	80,	18000,	'2015-05-05 15:57:46',	'2015-05-05 15:57:46',	'2015-05-05 15:57:46'),
(590,	'TestProduct183',	'p183',	52,	4000,	'2015-05-05 15:57:46',	'2015-05-05 15:57:46',	'2015-05-05 15:57:46'),
(591,	'TestProduct184',	'p184',	17,	3000,	'2015-05-05 15:57:46',	'2015-05-05 15:57:46',	'2015-05-05 15:57:46'),
(592,	'TestProduct185',	'p185',	70,	11000,	'2015-05-05 15:57:46',	'2015-05-05 15:57:46',	'2015-05-05 15:57:46'),
(593,	'TestProduct186',	'p186',	23,	2000,	'2015-05-05 15:57:46',	'2015-05-05 15:57:46',	'2015-05-05 15:57:46'),
(594,	'TestProduct187',	'p187',	72,	15000,	'2015-05-05 15:57:46',	'2015-05-05 15:57:46',	'2015-05-05 15:57:46'),
(595,	'TestProduct188',	'p188',	24,	4000,	'2015-05-05 15:57:46',	'2015-05-05 15:57:46',	'2015-05-05 15:57:46'),
(596,	'TestProduct189',	'p189',	1,	4000,	'2015-05-05 15:57:46',	'2015-05-05 15:57:46',	'2015-05-05 15:57:46'),
(597,	'TestProduct190',	'p190',	100,	13000,	'2015-05-05 15:57:46',	'2015-05-05 15:57:46',	'2015-05-05 15:57:46'),
(598,	'TestProduct191',	'p191',	26,	14000,	'2015-05-05 15:57:46',	'2015-05-05 15:57:46',	'2015-05-05 15:57:46'),
(599,	'TestProduct192',	'p192',	72,	9000,	'2015-05-05 15:57:46',	'2015-05-05 15:57:46',	'2015-05-05 15:57:46'),
(600,	'TestProduct193',	'p193',	6,	15000,	'2015-05-05 15:57:46',	'2015-05-05 15:57:46',	'2015-05-05 15:57:46'),
(601,	'TestProduct194',	'p194',	60,	15000,	'2015-05-05 15:57:46',	'2015-05-05 15:57:46',	'2015-05-05 15:57:46'),
(602,	'TestProduct195',	'p195',	84,	20000,	'2015-05-06 02:51:00',	'2015-05-06 02:51:00',	'2015-05-05 15:57:46'),
(603,	'TestProduct196',	'p196',	64,	16000,	'2015-05-05 15:57:46',	'2015-05-05 15:57:46',	'2015-05-05 15:57:46'),
(604,	'TestProduct197',	'p197',	41,	9000,	'2015-05-05 15:57:46',	'2015-05-05 15:57:46',	'2015-05-05 15:57:46'),
(605,	'TestProduct198',	'p198',	25,	19000,	'2015-05-06 01:33:01',	'2015-05-06 01:33:01',	'2015-05-05 15:57:46'),
(606,	'TestProduct199',	'p199',	12,	17000,	'2015-05-06 02:46:15',	'2015-05-06 02:46:15',	'2015-05-05 15:57:46');

DROP TABLE IF EXISTS `tbl_user`;
CREATE TABLE `tbl_user` (
  `id` int(11) NOT NULL AUTO_INCREMENT,
  `user_name` varchar(50) NOT NULL,
  `password` varchar(64) CHARACTER SET utf8 COLLATE utf8_bin NOT NULL,
  `first_name` varchar(50) NOT NULL,
  `last_name` varchar(50) NOT NULL,
  `remember_token` varchar(255) NOT NULL,
  `isactive` tinyint(1) NOT NULL,
  `updated_at` datetime NOT NULL,
  `created_at` datetime NOT NULL,
  PRIMARY KEY (`id`)
) ENGINE=InnoDB DEFAULT CHARSET=latin1;

INSERT INTO `tbl_user` (`id`, `user_name`, `password`, `first_name`, `last_name`, `remember_token`, `isactive`, `updated_at`, `created_at`) VALUES
(1,	'user0',	'8d969eef6ecad3c29a3a629280e686cf0c3f5d5a86aff3ca12020c923adc6c92',	'User',	'0',	'dC76CXR9kpR3tGJtURRWn8HoOzsZgScvYNLodCojh3hf11ZLfqsdpPPZziqF',	1,	'2015-05-06 01:27:19',	'2015-05-05 15:57:46'),
(2,	'user1',	'8d969eef6ecad3c29a3a629280e686cf0c3f5d5a86aff3ca12020c923adc6c92',	'User',	'1',	'fbS1wDCcgEFadtpLSzjami5Tauh8DW6J8BpZahMiWQZU0tx1r8OOzUpH4GVn',	1,	'2015-05-06 01:27:10',	'2015-05-05 15:57:47'),
(3,	'user2',	'8d969eef6ecad3c29a3a629280e686cf0c3f5d5a86aff3ca12020c923adc6c92',	'User',	'2',	'',	1,	'2015-05-05 15:57:47',	'2015-05-05 15:57:47'),
(4,	'user3',	'8d969eef6ecad3c29a3a629280e686cf0c3f5d5a86aff3ca12020c923adc6c92',	'User',	'3',	'',	1,	'2015-05-05 15:57:47',	'2015-05-05 15:57:47'),
(5,	'user4',	'8d969eef6ecad3c29a3a629280e686cf0c3f5d5a86aff3ca12020c923adc6c92',	'User',	'4',	'',	1,	'2015-05-05 15:57:47',	'2015-05-05 15:57:47'),
(6,	'user5',	'8d969eef6ecad3c29a3a629280e686cf0c3f5d5a86aff3ca12020c923adc6c92',	'User',	'5',	'',	1,	'2015-05-05 15:57:47',	'2015-05-05 15:57:47'),
(7,	'user6',	'8d969eef6ecad3c29a3a629280e686cf0c3f5d5a86aff3ca12020c923adc6c92',	'User',	'6',	'',	1,	'2015-05-05 15:57:47',	'2015-05-05 15:57:47'),
(8,	'user7',	'8d969eef6ecad3c29a3a629280e686cf0c3f5d5a86aff3ca12020c923adc6c92',	'User',	'7',	'',	1,	'2015-05-05 15:57:47',	'2015-05-05 15:57:47'),
(9,	'user8',	'8d969eef6ecad3c29a3a629280e686cf0c3f5d5a86aff3ca12020c923adc6c92',	'User',	'8',	'',	1,	'2015-05-05 15:57:47',	'2015-05-05 15:57:47'),
(10,	'user9',	'8d969eef6ecad3c29a3a629280e686cf0c3f5d5a86aff3ca12020c923adc6c92',	'User',	'9',	'',	1,	'2015-05-05 15:57:47',	'2015-05-05 15:57:47');

-- 2015-05-06 03:08:33
